GEOID,NAMELSAD,STATEFP,COUNTYFP,n_pixels,pct_regular,pct_monoculture,pct_irregular
17001,Adams County,17,001,3805,36.43,1.05,62.52
17003,Alexander County,17,003,624,2.72,35.58,61.7
17005,Bond County,17,005,1917,35.58,0.1,64.32
17007,Boone County,17,007,1744,26.43,2.29,71.27
17009,Brown County,17,009,941,37.3,1.06,61.64
17011,Bureau County,17,011,5836,29.11,5.24,65.64
17013,Calhoun County,17,013,463,11.02,1.51,87.47
17015,Carroll County,17,015,2441,4.3,34.04,61.66
17017,Cass County,17,017,1935,38.4,6.15,55.45
17019,Champaign County,17,019,7259,67.21,0.25,32.54
17021,Christian County,17,021,5000,66.06,0.28,33.66
17023,Clark County,17,023,2590,53.13,0.04,46.83
17025,Clay County,17,025,2399,19.55,1.88,78.57
17027,Clinton County,17,027,2524,17.83,0.63,81.54
17029,Coles County,17,029,3209,66.31,0.16,33.53
17031,Cook County,17,031,117,11.97,6.84,81.2
17033,Crawford County,17,033,2352,38.05,0.13,61.82
17035,Cumberland County,17,035,1939,51.26,0.67,48.07
17037,DeKalb County,17,037,4576,25.76,6.51,67.72
17039,De Witt County,17,039,2783,70.03,0.07,29.9
17041,Douglas County,17,041,3079,70.32,0.0,29.68
17043,DuPage County,17,043,56,58.93,0.0,41.07
17045,Edgar County,17,045,4354,69.71,0.09,30.2
17047,Edwards County,17,047,1289,25.52,0.16,74.32
17049,Effingham County,17,049,2423,43.25,1.32,55.43
17051,Fayette County,17,051,3361,35.5,0.77,63.73
17053,Ford County,17,053,3809,65.98,0.05,33.97
17055,Franklin County,17,055,1463,5.33,6.56,88.11
17057,Fulton County,17,057,3534,51.5,0.23,48.27
17059,Gallatin County,17,059,1822,23.27,9.66,67.07
17061,Greene County,17,061,2820,48.97,1.38,49.65
17063,Grundy County,17,063,2657,61.91,1.09,37.0
17065,Hamilton County,17,065,2064,25.68,0.92,73.4
17067,Hancock County,17,067,4261,58.37,0.77,40.86
17069,Hardin County,17,069,88,2.27,13.64,84.09
17071,Henderson County,17,071,2119,31.81,5.9,62.29
17073,Henry County,17,073,5540,49.01,2.65,48.34
17075,Iroquois County,17,075,8414,56.54,0.95,42.51
17077,Jackson County,17,077,1433,4.47,20.45,75.09
17079,Jasper County,17,079,2917,45.53,0.48,53.99
17081,Jefferson County,17,081,1797,5.12,2.11,92.77
17083,Jersey County,17,083,1537,43.2,1.89,54.91
17085,Jo Daviess County,17,085,1690,12.31,12.43,75.27
17087,Johnson County,17,087,296,7.77,7.09,85.14
17089,Kane County,17,089,1861,28.59,2.2,69.21
17091,Kankakee County,17,091,4520,36.57,4.58,58.85
17093,Kendall County,17,093,1849,42.67,2.22,55.11
17095,Knox County,17,095,3926,57.67,0.87,41.47
17097,Lake County,17,097,245,15.92,0.0,84.08
17099,LaSalle County,17,099,7543,55.92,0.23,43.86
17101,Lawrence County,17,101,2156,28.29,0.37,71.34
17103,Lee County,17,103,5165,20.85,13.44,65.71
17105,Livingston County,17,105,7983,66.68,0.3,33.02
17107,Logan County,17,107,4545,56.11,0.62,43.28
17109,McDonough County,17,109,3496,62.39,0.34,37.27
17111,McHenry County,17,111,2199,22.92,5.09,71.99
17113,McLean County,17,113,8518,72.33,0.25,27.42
17115,Macon County,17,115,3848,64.19,0.18,35.63
17117,Macoupin County,17,117,4626,50.35,0.61,49.05
17119,Madison County,17,119,2872,35.55,2.79,61.66
17121,Marion County,17,121,2327,26.43,0.17,73.4
17123,Marshall County,17,123,2437,58.68,1.27,40.05
17125,Mason County,17,125,3247,25.93,1.17,72.9
17127,Massac County,17,127,736,22.83,4.21,72.96
17129,Menard County,17,129,1950,61.03,0.77,38.21
17131,Mercer County,17,131,3366,43.79,2.79,53.42
17133,Monroe County,17,133,1489,4.3,1.21,94.49
17135,Montgomery County,17,135,4270,54.0,1.12,44.87
17137,Morgan County,17,137,3391,56.62,0.5,42.88
17139,Moultrie County,17,139,2331,68.94,0.09,30.97
17141,Ogle County,17,141,4743,18.38,14.1,67.51
17143,Peoria County,17,143,2695,47.16,1.48,51.35
17145,Perry County,17,145,1579,4.69,1.96,93.35
17147,Piatt County,17,147,3321,69.92,0.18,29.9
17149,Pike County,17,149,3708,32.42,2.8,64.78
17151,Pope County,17,151,288,10.07,12.85,77.08
17153,Pulaski County,17,153,761,8.94,14.98,76.08
17155,Putnam County,17,155,799,37.67,2.75,59.57
17157,Randolph County,17,157,2049,4.59,2.73,92.68
17159,Richland County,17,159,2116,27.55,0.19,72.26
17161,Rock Island County,17,161,1625,36.98,6.28,56.74
17163,St. Clair County,17,163,2614,22.84,0.27,76.89
17165,Saline County,17,165,1444,30.33,1.59,68.07
17167,Sangamon County,17,167,5217,52.33,0.44,47.23
17169,Schuyler County,17,169,1551,43.33,0.26,56.42
17171,Scott County,17,171,1356,49.19,1.25,49.56
17173,Shelby County,17,173,4625,59.98,0.09,39.94
17175,Stark County,17,175,2128,43.47,1.5,55.03
17177,Stephenson County,17,177,3407,14.32,10.21,75.46
17179,Tazewell County,17,179,3702,45.6,0.43,53.97
17181,Union County,17,181,498,6.02,23.9,70.08
17183,Vermilion County,17,183,5956,63.62,0.65,35.73
17185,Wabash County,17,185,1408,38.99,0.36,60.65
17187,Warren County,17,187,3701,51.36,0.92,47.72
17189,Washington County,17,189,3059,8.07,0.36,91.57
17191,Wayne County,17,191,3676,18.85,1.09,80.06
17193,White County,17,193,2880,28.19,2.43,69.38
17195,Whiteside County,17,195,4426,9.44,25.58,64.98
17197,Will County,17,197,2857,33.67,0.18,66.15
17199,Williamson County,17,199,620,16.29,6.77,76.94
17201,Winnebago County,17,201,2075,23.18,7.13,69.69
17203,Woodford County,17,203,3317,63.97,0.63,35.39
18001,Adams County,18,001,2145,14.83,0.84,84.34
18003,Allen County,18,003,2646,14.44,0.57,85.0
18005,Bartholomew County,18,005,1693,27.58,0.24,72.18
18007,Benton County,18,007,3195,67.45,1.75,30.8
18009,Blackford County,18,009,1076,22.86,0.65,76.49
18011,Boone County,18,011,2743,49.73,0.0,50.27
18013,Brown County,18,013,44,6.82,0.0,93.18
18015,Carroll County,18,015,2442,44.27,0.82,54.91
18017,Cass County,18,017,2555,34.21,3.33,62.47
18019,Clark County,18,019,526,13.5,2.28,84.22
18021,Clay County,18,021,1670,44.43,0.18,55.39
18023,Clinton County,18,023,2945,46.38,1.39,52.22
18025,Crawford County,18,025,113,19.47,0.0,80.53
18027,Daviess County,18,027,2132,12.2,7.88,79.92
18029,Dearborn County,18,029,195,8.21,3.59,88.21
18031,Decatur County,18,031,2193,32.56,1.0,66.44
18033,DeKalb County,18,033,1692,8.87,0.35,90.78
18035,Delaware County,18,035,2215,29.39,0.14,70.47
18037,Dubois County,18,037,1322,12.48,1.74,85.78
18039,Elkhart County,18,039,1597,18.6,3.01,78.4
18041,Fayette County,18,041,1000,40.8,0.0,59.2
18043,Floyd County,18,043,52,19.23,0.0,80.77
18045,Fountain County,18,045,2258,56.29,0.89,42.83
18047,Franklin County,18,047,948,36.92,0.53,62.55
18049,Fulton County,18,049,2338,29.17,3.59,67.24
18051,Gibson County,18,051,2642,17.56,1.7,80.73
18053,Grant County,18,053,2571,30.11,2.33,67.56
18055,Greene County,18,055,1383,17.14,3.04,79.83
18057,Hamilton County,18,057,1636,28.67,1.16,70.17
18059,Hancock County,18,059,1827,32.68,0.16,67.16
18061,Harrison County,18,061,646,23.53,0.93,75.54
18063,Hendricks County,18,063,1966,46.39,0.05,53.56
18065,Henry County,18,065,2314,40.92,0.09,58.99
18067,Howard County,18,067,1845,54.04,0.16,45.8
18069,Huntington County,18,069,2240,22.63,1.65,75.71
18071,Jackson County,18,071,1784,14.52,0.56,84.92
18073,Jasper County,18,073,3598,27.1,8.17,64.73
18075,Jay County,18,075,2514,20.8,1.39,77.8
18077,Jefferson County,18,077,688,4.65,6.25,89.1
18079,Jennings County,18,079,1085,12.81,3.13,84.06
18081,Johnson County,18,081,1313,34.2,0.15,65.65
18083,Knox County,18,083,3177,26.69,1.86,71.45
18085,Kosciusko County,18,085,2773,30.15,6.2,63.65
18087,LaGrange County,18,087,1190,21.01,2.18,76.81
18089,Lake County,18,089,1498,37.45,3.74,58.81
18091,LaPorte County,18,091,2896,26.97,2.97,70.06
18093,Lawrence County,18,093,496,18.15,0.81,81.05
18095,Madison County,18,095,2641,42.98,0.27,56.76
18097,Marion County,18,097,202,19.31,0.5,80.2
18099,Marshall County,18,099,2399,25.89,3.33,70.78
18101,Martin County,18,101,396,13.64,2.02,84.34
18103,Miami County,18,103,2238,23.95,0.89,75.16
18105,Monroe County,18,105,158,18.35,0.0,81.65
18107,Montgomery County,18,107,3283,59.95,0.76,39.29
18109,Morgan County,18,109,1180,44.15,0.85,55.0
18111,Newton County,18,111,2421,42.3,3.97,53.74
18113,Noble County,18,113,1798,24.14,1.95,73.92
18115,Ohio County,18,115,74,9.46,0.0,90.54
18117,Orange County,18,117,582,34.88,0.0,65.12
18119,Owen County,18,119,605,27.6,0.99,71.4
18121,Parke County,18,121,1616,45.61,0.37,54.02
18123,Perry County,18,123,265,8.68,0.75,90.57
18125,Pike County,18,125,964,18.05,0.52,81.43
18127,Porter County,18,127,1609,37.29,0.06,62.65
18129,Posey County,18,129,2222,24.44,2.21,73.36
18131,Pulaski County,18,131,2751,22.25,2.62,75.14
18133,Putnam County,18,133,1833,53.79,0.05,46.15
18135,Randolph County,18,135,3111,42.01,0.13,57.86
18137,Ripley County,18,137,1310,13.97,1.45,84.58
18139,Rush County,18,139,2904,53.03,1.14,45.83
18141,St. Joseph County,18,141,1781,20.44,6.06,73.5
18143,Scott County,18,143,425,19.76,2.12,78.12
18145,Shelby County,18,145,2732,51.32,0.15,48.54
18147,Spencer County,18,147,1637,28.28,2.08,69.64
18149,Starke County,18,149,1383,14.24,5.86,79.9
18151,Steuben County,18,151,1048,14.31,3.72,81.97
18153,Sullivan County,18,153,1961,38.96,0.05,60.99
18155,Switzerland County,18,155,139,14.39,0.72,84.89
18157,Tippecanoe County,18,157,2672,48.95,1.2,49.85
18159,Tipton County,18,159,2016,47.57,0.5,51.93
18161,Union County,18,161,884,57.24,0.0,42.76
18163,Vanderburgh County,18,163,746,15.28,2.68,82.04
18165,Vermillion County,18,165,1198,43.66,5.18,51.17
18167,Vigo County,18,167,1420,34.51,0.77,64.72
18169,Wabash County,18,169,2417,29.83,0.37,69.8
18171,Warren County,18,171,2235,56.33,0.67,43.0
18173,Warrick County,18,173,1032,23.93,0.68,75.39
18175,Washington County,18,175,1281,22.79,0.7,76.5
18177,Wayne County,18,177,1867,42.53,0.27,57.2
18179,Wells County,18,179,2583,28.8,0.66,70.54
18181,White County,18,181,3562,37.56,2.84,59.6
18183,Whitley County,18,183,1844,31.13,0.49,68.38
19001,Adair County,19,001,3282,53.41,0.0,46.59
19003,Adams County,19,003,2015,57.52,0.0,42.48
19005,Allamakee County,19,005,1278,7.82,7.28,84.9
19007,Appanoose County,19,007,980,26.73,0.61,72.65
19009,Audubon County,19,009,3092,58.44,0.61,40.94
19011,Benton County,19,011,4786,47.85,1.9,50.25
19013,Black Hawk County,19,013,3404,35.78,5.85,58.37
19015,Boone County,19,015,3688,36.74,4.69,58.57
19017,Bremer County,19,017,2718,21.08,7.03,71.89
19019,Buchanan County,19,019,3882,14.71,17.8,67.49
19021,Buena Vista County,19,021,4257,57.15,0.85,42.0
19023,Butler County,19,023,3815,28.34,6.16,65.5
19025,Calhoun County,19,025,4411,54.32,1.41,44.28
19027,Carroll County,19,027,4220,39.45,8.25,52.3
19029,Cass County,19,029,3624,55.13,0.33,44.54
19031,Cedar County,19,031,3717,49.29,1.16,49.56
19033,Cerro Gordo County,19,033,3853,34.8,5.4,59.8
19035,Cherokee County,19,035,3964,61.2,0.58,38.22
19037,Chickasaw County,19,037,3319,27.0,7.89,65.11
19039,Clarke County,19,039,921,36.59,0.11,63.3
19041,Clay County,19,041,3826,53.14,2.8,44.07
19043,Clayton County,19,043,2576,11.3,10.09,78.61
19045,Clinton County,19,045,4262,37.99,5.63,56.38
19047,Crawford County,19,047,4907,44.71,2.69,52.6
19049,Dallas County,19,049,3302,48.7,2.7,48.61
19051,Davis County,19,051,1171,39.28,1.37,59.35
19053,Decatur County,19,053,988,39.78,0.1,60.12
19055,Delaware County,19,055,3509,8.26,31.95,59.79
19057,Des Moines County,19,057,1905,55.7,1.73,42.57
19059,Dickinson County,19,059,2407,54.05,0.87,45.08
19061,Dubuque County,19,061,2421,7.15,28.67,64.19
19063,Emmet County,19,063,2750,45.24,1.09,53.67
19065,Fayette County,19,065,4110,31.0,5.67,63.33
19067,Floyd County,19,067,3305,34.22,5.69,60.09
19069,Franklin County,19,069,4303,29.31,10.39,60.31
19071,Fremont County,19,071,3107,53.75,0.61,45.64
19073,Greene County,19,073,4087,48.98,3.03,47.98
19075,Grundy County,19,075,3903,48.22,2.23,49.55
19077,Guthrie County,19,077,3004,49.7,1.26,49.03
19079,Hamilton County,19,079,4228,37.54,9.39,53.07
19081,Hancock County,19,081,4247,30.35,6.62,63.03
19083,Hardin County,19,083,3919,22.58,11.33,66.09
19085,Harrison County,19,085,4397,36.32,1.86,61.81
19087,Henry County,19,087,2003,55.72,0.75,43.53
19089,Howard County,19,089,3079,36.51,7.44,56.06
19091,Humboldt County,19,091,3253,55.43,2.43,42.15
19093,Ida County,19,093,3141,50.46,0.99,48.55
19095,Iowa County,19,095,3100,33.13,1.19,65.68
19097,Jackson County,19,097,2087,19.07,8.72,72.21
19099,Jasper County,19,099,4490,44.43,1.4,54.16
19101,Jefferson County,19,101,1852,53.83,0.43,45.73
19103,Johnson County,19,103,2782,46.51,0.5,52.98
19105,Jones County,19,105,3071,28.88,10.84,60.27
19107,Keokuk County,19,107,2991,45.24,1.0,53.76
19109,Kossuth County,19,109,7325,41.05,3.25,55.7
19111,Lee County,19,111,1971,49.11,0.36,50.53
19113,Linn County,19,113,3474,38.66,3.45,57.89
19115,Louisa County,19,115,2012,64.17,2.44,33.4
19117,Lucas County,19,117,866,36.03,0.0,63.97
19119,Lyon County,19,119,4171,34.67,7.5,57.83
19121,Madison County,19,121,2006,50.25,0.25,49.5
19123,Mahaska County,19,123,3206,39.74,0.94,59.33
19125,Marion County,19,125,2035,47.47,0.59,51.94
19127,Marshall County,19,127,3799,49.33,1.0,49.67
19129,Mills County,19,129,2739,49.95,0.18,49.87
19131,Mitchell County,19,131,3301,30.2,12.45,57.35
19133,Monona County,19,133,4359,48.02,1.03,50.95
19135,Monroe County,19,135,674,35.31,0.0,64.69
19137,Montgomery County,19,137,2657,54.35,0.08,45.58
19139,Muscatine County,19,139,2273,55.61,1.45,42.94
19141,O'Brien County,19,141,4337,54.67,1.54,43.79
19143,Osceola County,19,143,3046,43.93,0.85,55.22
19145,Page County,19,145,3203,52.64,0.03,47.33
19147,Palo Alto County,19,147,4097,39.08,3.27,57.65
19149,Plymouth County,19,149,6020,54.34,0.48,45.18
19151,Pocahontas County,19,151,4482,47.72,1.34,50.94
19153,Polk County,19,153,2051,42.27,0.63,57.09
19155,Pottawattamie County,19,155,6202,47.18,1.87,50.95
19157,Poweshiek County,19,157,3685,42.06,0.84,57.1
19159,Ringgold County,19,159,1410,40.85,0.14,59.01
19161,Sac County,19,161,4193,56.12,1.05,42.83
19163,Scott County,19,163,2429,31.86,5.48,62.66
19165,Shelby County,19,165,4423,46.24,0.86,52.91
19167,Sioux County,19,167,5715,32.79,11.11,56.1
19169,Story County,19,169,3831,36.05,3.37,60.58
19171,Tama County,19,171,4392,51.82,0.34,47.84
19173,Taylor County,19,173,2469,49.17,0.0,50.83
19175,Union County,19,175,1562,46.61,0.0,53.39
19177,Van Buren County,19,177,1295,45.25,0.46,54.29
19179,Wapello County,19,179,1506,49.6,0.07,50.33
19181,Warren County,19,181,1800,45.11,0.78,54.11
19183,Washington County,19,183,2838,55.36,2.26,42.39
19185,Wayne County,19,185,1688,46.98,0.0,53.02
19187,Webster County,19,187,4894,48.14,2.25,49.61
19189,Winnebago County,19,189,2870,37.98,3.87,58.15
19191,Winneshiek County,19,191,2990,11.77,11.94,76.29
19193,Woodbury County,19,193,5363,49.79,1.58,48.63
19195,Worth County,19,195,2782,43.67,1.4,54.92
19197,Wright County,19,197,4335,49.2,3.41,47.38
20001,Allen County,20,001,1289,11.48,3.41,85.1
20003,Anderson County,20,003,1713,20.9,1.98,77.12
20005,Atchison County,20,005,1837,43.55,0.33,56.12
20007,Barber County,20,007,66,4.55,0.0,95.45
20009,Barton County,20,009,436,2.29,2.98,94.72
20011,Bourbon County,20,011,624,6.25,3.69,90.06
20013,Brown County,20,013,3592,58.46,0.06,41.48
20015,Butler County,20,015,1814,15.99,1.43,82.58
20017,Chase County,20,017,388,2.58,2.32,95.1
20019,Chautauqua County,20,019,110,13.64,2.73,83.64
20021,Cherokee County,20,021,1438,6.75,0.63,92.63
20023,Cheyenne County,20,023,723,0.0,30.57,69.43
20025,Clark County,20,025,13,0.0,15.38,84.62
20027,Clay County,20,027,1913,10.04,0.73,89.23
20029,Cloud County,20,029,1783,9.87,0.79,89.34
20031,Coffey County,20,031,1313,11.12,3.96,84.92
20033,Comanche County,20,033,17,17.65,0.0,82.35
20035,Cowley County,20,035,880,1.25,0.8,97.95
20037,Crawford County,20,037,1267,15.39,1.42,83.19
20039,Decatur County,20,039,1031,0.1,5.33,94.57
20041,Dickinson County,20,041,1014,3.25,1.38,95.36
20043,Doniphan County,20,043,2189,36.5,2.01,61.49
20045,Douglas County,20,045,864,27.66,0.12,72.22
20047,Edwards County,20,047,1101,2.09,11.63,86.29
20049,Elk County,20,049,217,3.23,3.69,93.09
20051,Ellis County,20,051,5,0.0,0.0,100.0
20053,Ellsworth County,20,053,92,1.09,0.0,98.91
20055,Finney County,20,055,1250,0.8,20.08,79.12
20057,Ford County,20,057,608,2.96,23.03,74.01
20059,Franklin County,20,059,1472,8.42,7.47,84.1
20061,Geary County,20,061,328,18.9,0.3,80.79
20063,Gove County,20,063,939,0.0,7.99,92.01
20065,Graham County,20,065,474,2.11,12.87,85.02
20067,Grant County,20,067,485,0.0,21.44,78.56
20069,Gray County,20,069,976,0.51,30.64,68.85
20071,Greeley County,20,071,228,0.0,21.93,78.07
20073,Greenwood County,20,073,443,4.74,4.06,91.2
20075,Hamilton County,20,075,84,0.0,2.38,97.62
20077,Harper County,20,077,14,0.0,0.0,100.0
20079,Harvey County,20,079,1864,8.58,0.05,91.36
20081,Haskell County,20,081,1180,0.59,35.51,63.9
20083,Hodgeman County,20,083,137,0.0,13.87,86.13
20085,Jackson County,20,085,1121,30.95,0.45,68.6
20087,Jefferson County,20,087,1267,41.44,0.79,57.77
20089,Jewell County,20,089,2304,9.68,0.09,90.23
20091,Johnson County,20,091,466,11.8,0.86,87.34
20093,Kearny County,20,093,402,0.0,46.02,53.98
20095,Kingman County,20,095,168,0.6,1.79,97.62
20097,Kiowa County,20,097,489,2.66,6.95,90.39
20099,Labette County,20,099,1090,2.84,1.47,95.69
20101,Lane County,20,101,171,1.17,15.2,83.63
20103,Leavenworth County,20,103,775,14.32,4.77,80.9
20105,Lincoln County,20,105,226,0.44,0.88,98.67
20107,Linn County,20,107,1056,5.3,14.49,80.21
20109,Logan County,20,109,1219,0.0,16.41,83.59
20111,Lyon County,20,111,1424,9.83,10.67,79.49
20113,McPherson County,20,113,1149,9.57,0.09,90.34
20115,Marion County,20,115,1744,3.33,0.34,96.33
20117,Marshall County,20,117,4262,34.07,0.12,65.81
20119,Meade County,20,119,1237,3.96,23.44,72.59
20121,Miami County,20,121,879,9.78,6.71,83.5
20123,Mitchell County,20,123,896,1.0,0.0,99.0
20125,Montgomery County,20,125,816,3.31,4.17,92.52
20127,Morris County,20,127,796,6.66,2.26,91.08
20129,Morton County,20,129,260,0.0,31.15,68.85
20131,Nemaha County,20,131,3400,36.29,0.21,63.5
20133,Neosho County,20,133,1025,8.2,4.0,87.8
20135,Ness County,20,135,43,0.0,6.98,93.02
20137,Norton County,20,137,1625,0.92,7.32,91.75
20139,Osage County,20,139,1452,10.4,4.89,84.71
20141,Osborne County,20,141,565,2.83,0.35,96.81
20143,Ottawa County,20,143,744,6.45,0.27,93.28
20145,Pawnee County,20,145,641,3.43,3.59,92.98
20147,Phillips County,20,147,965,4.35,1.76,93.89
20149,Pottawatomie County,20,149,1067,35.61,0.28,64.1
20151,Pratt County,20,151,962,5.61,4.78,89.6
20153,Rawlins County,20,153,914,0.11,9.52,90.37
20155,Reno County,20,155,1058,7.18,1.42,91.4
20157,Republic County,20,157,3313,9.75,1.12,89.13
20159,Rice County,20,159,631,1.11,0.32,98.57
20161,Riley County,20,161,865,18.84,0.58,80.58
20163,Rooks County,20,163,197,1.02,1.02,97.97
20165,Rush County,20,165,100,7.0,1.0,92.0
20167,Russell County,20,167,30,0.0,0.0,100.0
20169,Saline County,20,169,424,1.89,0.94,97.17
20171,Scott County,20,171,608,0.0,21.22,78.78
20173,Sedgwick County,20,173,1481,11.61,0.14,88.25
20175,Seward County,20,175,929,2.15,28.2,69.64
20177,Shawnee County,20,177,1015,23.25,1.77,74.98
20179,Sheridan County,20,179,2076,0.24,19.22,80.54
20181,Sherman County,20,181,2201,0.0,26.53,73.47
20183,Smith County,20,183,1990,3.22,0.2,96.58
20185,Stafford County,20,185,848,0.83,6.13,93.04
20187,Stanton County,20,187,607,0.0,35.09,64.91
20189,Stevens County,20,189,1664,0.48,43.39,56.13
20191,Sumner County,20,191,1170,3.16,0.17,96.67
20193,Thomas County,20,193,3638,0.16,27.46,72.37
20195,Trego County,20,195,120,0.0,12.5,87.5
20197,Wabaunsee County,20,197,781,33.16,0.9,65.94
20199,Wallace County,20,199,873,0.0,26.8,73.2
20201,Washington County,20,201,3342,21.84,0.18,77.98
20203,Wichita County,20,203,651,0.0,13.67,86.33
20205,Wilson County,20,205,1311,10.68,1.6,87.72
20207,Woodson County,20,207,708,18.08,0.99,80.93
20209,Wyandotte County,20,209,84,5.95,8.33,85.71
21001,Adair County,21,001,198,4.55,1.52,93.94
21003,Allen County,21,003,97,10.31,1.03,88.66
21005,Anderson County,21,005,16,6.25,0.0,93.75
21007,Ballard County,21,007,955,15.18,0.84,83.98
21009,Barren County,21,009,587,15.84,1.53,82.62
21011,Bath County,21,011,85,0.0,20.0,80.0
21015,Boone County,21,015,41,7.32,0.0,92.68
21017,Bourbon County,21,017,121,2.48,0.0,97.52
21021,Boyle County,21,021,77,27.27,0.0,72.73
21023,Bracken County,21,023,17,29.41,0.0,70.59
21027,Breckinridge County,21,027,697,13.06,1.58,85.37
21029,Bullitt County,21,029,72,2.78,4.17,93.06
21031,Butler County,21,031,537,26.07,1.86,72.07
21033,Caldwell County,21,033,828,17.63,0.24,82.13
21035,Calloway County,21,035,1068,12.08,0.09,87.83
21037,Campbell County,21,037,5,0.0,0.0,100.0
21039,Carlisle County,21,039,796,23.12,1.38,75.5
21041,Carroll County,21,041,53,3.77,0.0,96.23
21043,Carter County,21,043,5,0.0,0.0,100.0
21045,Casey County,21,045,171,14.62,2.34,83.04
21047,Christian County,21,047,1502,3.06,0.47,96.47
21049,Clark County,21,049,65,6.15,9.23,84.62
21051,Clay County,21,051,3,0.0,0.0,100.0
21053,Clinton County,21,053,32,6.25,0.0,93.75
21055,Crittenden County,21,055,569,16.7,0.88,82.43
21057,Cumberland County,21,057,71,18.31,0.0,81.69
21059,Daviess County,21,059,2089,37.19,2.49,60.32
21061,Edmonson County,21,061,171,4.09,5.26,90.64
21063,Elliott County,21,063,2,0.0,0.0,100.0
21065,Estill County,21,065,23,4.35,0.0,95.65
21067,Fayette County,21,067,90,3.33,2.22,94.44
21069,Fleming County,21,069,164,3.05,9.15,87.8
21073,Franklin County,21,073,48,14.58,0.0,85.42
21075,Fulton County,21,075,1078,8.81,19.29,71.89
21077,Gallatin County,21,077,29,3.45,0.0,96.55
21079,Garrard County,21,079,13,23.08,0.0,76.92
21081,Grant County,21,081,9,0.0,0.0,100.0
21083,Graves County,21,083,2171,16.54,0.14,83.33
21085,Grayson County,21,085,400,5.5,2.75,91.75
21087,Green County,21,087,250,9.2,1.2,89.6
21089,Greenup County,21,089,40,2.5,2.5,95.0
21091,Hancock County,21,091,315,13.97,6.67,79.37
21093,Hardin County,21,093,963,31.46,0.42,68.12
21097,Harrison County,21,097,75,0.0,2.67,97.33
21099,Hart County,21,099,209,7.66,3.83,88.52
21101,Henderson County,21,101,2375,27.37,3.58,69.05
21103,Henry County,21,103,180,4.44,0.0,95.56
21105,Hickman County,21,105,1241,29.17,1.21,69.62
21107,Hopkins County,21,107,1110,36.22,4.32,59.46
21111,Jefferson County,21,111,39,17.95,0.0,82.05
21113,Jessamine County,21,113,35,0.0,8.57,91.43
21117,Kenton County,21,117,4,50.0,0.0,50.0
21121,Knox County,21,121,1,0.0,0.0,100.0
21123,Larue County,21,123,674,16.77,1.48,81.75
21125,Laurel County,21,125,1,0.0,0.0,100.0
21135,Lewis County,21,135,117,0.0,14.53,85.47
21137,Lincoln County,21,137,229,10.48,0.44,89.08
21139,Livingston County,21,139,522,25.1,2.11,72.8
21141,Logan County,21,141,1205,3.49,0.66,95.85
21143,Lyon County,21,143,200,15.5,0.5,84.0
21145,McCracken County,21,145,553,6.33,1.63,92.04
21149,McLean County,21,149,1310,36.34,0.99,62.67
21151,Madison County,21,151,20,0.0,0.0,100.0
21155,Marion County,21,155,341,14.66,1.17,84.16
21157,Marshall County,21,157,329,7.9,3.34,88.75
21161,Mason County,21,161,159,13.21,2.52,84.28
21163,Meade County,21,163,410,22.2,0.98,76.83
21165,Menifee County,21,165,2,50.0,0.0,50.0
21167,Mercer County,21,167,132,15.91,0.0,84.09
21169,Metcalfe County,21,169,125,12.0,0.8,87.2
21171,Monroe County,21,171,107,15.89,0.93,83.18
21173,Montgomery County,21,173,25,0.0,4.0,96.0
21177,Muhlenberg County,21,177,500,14.0,2.4,83.6
21179,Nelson County,21,179,424,16.04,0.24,83.73
21181,Nicholas County,21,181,9,0.0,0.0,100.0
21183,Ohio County,21,183,966,34.68,0.72,64.6
21185,Oldham County,21,185,63,3.17,3.17,93.65
21187,Owen County,21,187,23,0.0,4.35,95.65
21191,Pendleton County,21,191,27,0.0,0.0,100.0
21197,Powell County,21,197,35,2.86,0.0,97.14
21199,Pulaski County,21,199,254,3.54,2.36,94.09
21201,Robertson County,21,201,3,0.0,0.0,100.0
21203,Rockcastle County,21,203,43,23.26,0.0,76.74
21205,Rowan County,21,205,31,0.0,29.03,70.97
21207,Russell County,21,207,131,5.34,0.76,93.89
21209,Scott County,21,209,47,6.38,2.13,91.49
21211,Shelby County,21,211,621,20.29,0.48,79.23
21213,Simpson County,21,213,784,4.34,0.64,95.03
21215,Spencer County,21,215,156,9.62,7.05,83.33
21217,Taylor County,21,217,330,11.82,0.0,88.18
21219,Todd County,21,219,1069,6.27,0.0,93.73
21221,Trigg County,21,221,498,6.83,0.0,93.17
21223,Trimble County,21,223,66,3.03,7.58,89.39
21225,Union County,21,225,1869,23.22,5.83,70.95
21227,Warren County,21,227,733,12.14,0.68,87.18
21229,Washington County,21,229,159,16.98,0.0,83.02
21231,Wayne County,21,231,178,32.02,0.56,67.42
21233,Webster County,21,233,1308,32.8,2.06,65.14
21235,Whitley County,21,235,3,0.0,0.0,100.0
21239,Woodford County,21,239,54,20.37,3.7,75.93
26001,Alcona County,26,001,48,0.0,0.0,100.0
26005,Allegan County,26,005,1896,4.48,7.81,87.71
26007,Alpena County,26,007,168,0.6,0.0,99.4
26009,Antrim County,26,009,19,0.0,10.53,89.47
26011,Arenac County,26,011,504,4.76,0.4,94.84
26015,Barry County,26,015,1051,9.9,2.28,87.82
26017,Bay County,26,017,1502,4.66,0.47,94.87
26019,Benzie County,26,019,11,0.0,27.27,72.73
26021,Berrien County,26,021,1443,15.11,2.15,82.74
26023,Branch County,26,023,2442,15.93,1.02,83.05
26025,Calhoun County,26,025,2351,19.14,1.91,78.95
26027,Cass County,26,027,1712,16.3,3.04,80.67
26029,Charlevoix County,26,029,16,0.0,12.5,87.5
26031,Cheboygan County,26,031,12,0.0,0.0,100.0
26035,Clare County,26,035,136,0.0,2.94,97.06
26037,Clinton County,26,037,2263,5.3,0.71,93.99
26041,Delta County,26,041,18,0.0,0.0,100.0
26043,Dickinson County,26,043,5,0.0,0.0,100.0
26045,Eaton County,26,045,2032,8.02,0.39,91.58
26047,Emmet County,26,047,1,0.0,100.0,0.0
26049,Genesee County,26,049,1031,9.99,1.07,88.94
26051,Gladwin County,26,051,254,9.06,1.97,88.98
26055,Grand Traverse County,26,055,69,0.0,2.9,97.1
26057,Gratiot County,26,057,2912,8.93,0.24,90.83
26059,Hillsdale County,26,059,2227,10.28,0.81,88.91
26063,Huron County,26,063,1653,1.15,0.79,98.06
26065,Ingham County,26,065,1727,15.58,0.12,84.31
26067,Ionia County,26,067,2159,12.04,0.97,86.98
26069,Iosco County,26,069,117,4.27,0.0,95.73
26073,Isabella County,26,073,1506,4.32,2.32,93.36
26075,Jackson County,26,075,1520,9.08,1.51,89.41
26077,Kalamazoo County,26,077,1210,7.85,5.95,86.2
26079,Kalkaska County,26,079,1,0.0,0.0,100.0
26081,Kent County,26,081,894,7.72,1.45,90.83
26085,Lake County,26,085,20,0.0,0.0,100.0
26087,Lapeer County,26,087,1403,9.41,1.57,89.02
26089,Leelanau County,26,089,18,0.0,5.56,94.44
26091,Lenawee County,26,091,3471,4.9,0.2,94.9
26093,Livingston County,26,093,585,8.38,0.17,91.45
26097,Mackinac County,26,097,2,0.0,0.0,100.0
26099,Macomb County,26,099,588,2.55,2.21,95.24
26101,Manistee County,26,101,52,0.0,23.08,76.92
26105,Mason County,26,105,253,3.95,0.79,95.26
26107,Mecosta County,26,107,321,4.05,2.49,93.46
26109,Menominee County,26,109,108,0.0,4.63,95.37
26111,Midland County,26,111,744,4.3,1.08,94.62
26113,Missaukee County,26,113,247,0.0,20.24,79.76
26115,Monroe County,26,115,2161,2.87,1.48,95.65
26117,Montcalm County,26,117,1194,4.52,2.85,92.63
26119,Montmorency County,26,119,63,0.0,7.94,92.06
26121,Muskegon County,26,121,327,3.06,4.28,92.66
26123,Newaygo County,26,123,446,1.57,9.42,89.01
26125,Oakland County,26,125,77,3.9,10.39,85.71
26127,Oceana County,26,127,303,0.0,6.93,93.07
26129,Ogemaw County,26,129,203,1.48,2.96,95.57
26133,Osceola County,26,133,134,0.0,9.7,90.3
26135,Oscoda County,26,135,9,0.0,0.0,100.0
26137,Otsego County,26,137,2,0.0,0.0,100.0
26139,Ottawa County,26,139,1030,4.56,3.3,92.14
26141,Presque Isle County,26,141,132,3.03,0.0,96.97
26143,Roscommon County,26,143,1,0.0,0.0,100.0
26145,Saginaw County,26,145,3205,6.08,0.16,93.76
26147,St. Clair County,26,147,1605,2.62,2.31,95.08
26149,St. Joseph County,26,149,2180,9.36,2.02,88.62
26151,Sanilac County,26,151,3603,4.41,0.64,94.95
26155,Shiawassee County,26,155,2345,4.61,0.26,95.14
26157,Tuscola County,26,157,2178,3.4,0.18,96.42
26159,Van Buren County,26,159,1130,3.72,8.58,87.7
26161,Washtenaw County,26,161,1191,4.95,0.5,94.54
26163,Wayne County,26,163,63,0.0,0.0,100.0
26165,Wexford County,26,165,58,0.0,17.24,82.76
27001,Aitkin County,27,001,97,0.0,21.65,78.35
27003,Anoka County,27,003,146,6.85,0.0,93.15
27005,Becker County,27,005,2043,15.52,0.15,84.34
27007,Beltrami County,27,007,285,2.46,1.4,96.14
27009,Benton County,27,009,1307,9.03,2.52,88.45
27011,Big Stone County,27,011,3066,37.83,0.29,61.87
27013,Blue Earth County,27,013,4855,49.76,0.37,49.87
27015,Brown County,27,015,4067,35.33,0.37,64.3
27017,Carlton County,27,017,1,0.0,0.0,100.0
27019,Carver County,27,019,1474,24.22,0.68,75.1
27021,Cass County,27,021,99,1.01,2.02,96.97
27023,Chippewa County,27,023,3918,21.98,0.2,77.82
27025,Chisago County,27,025,667,13.49,0.45,86.06
27027,Clay County,27,027,5116,10.26,0.1,89.64
27029,Clearwater County,27,029,371,11.05,0.81,88.14
27033,Cottonwood County,27,033,4565,55.75,0.24,44.01
27035,Crow Wing County,27,035,139,0.72,0.72,98.56
27037,Dakota County,27,037,1958,8.43,6.28,85.29
27039,Dodge County,27,039,3026,44.94,2.08,52.97
27041,Douglas County,27,041,2144,24.07,0.79,75.14
27043,Faribault County,27,043,5379,53.52,1.25,45.23
27045,Fillmore County,27,045,3647,24.65,3.65,71.7
27047,Freeborn County,27,047,4822,40.27,1.62,58.11
27049,Goodhue County,27,049,3475,15.91,1.67,82.42
27051,Grant County,27,051,3432,27.97,0.64,71.39
27053,Hennepin County,27,053,316,17.09,0.0,82.91
27055,Houston County,27,055,900,10.33,3.44,86.22
27057,Hubbard County,27,057,113,3.54,0.0,96.46
27059,Isanti County,27,059,888,14.19,1.01,84.8
27061,Itasca County,27,061,16,0.0,0.0,100.0
27063,Jackson County,27,063,5102,56.39,0.27,43.34
27065,Kanabec County,27,065,398,12.31,0.25,87.44
27067,Kandiyohi County,27,067,4076,25.86,1.72,72.42
27069,Kittson County,27,069,1759,2.22,0.28,97.5
27071,Koochiching County,27,071,61,24.59,0.0,75.41
27073,Lac qui Parle County,27,073,4844,46.16,0.21,53.63
27077,Lake of the Woods County,27,077,266,0.0,1.13,98.87
27079,Le Sueur County,27,079,2366,44.34,0.0,55.66
27081,Lincoln County,27,081,3054,34.84,0.13,65.03
27083,Lyon County,27,083,4723,39.74,0.42,59.83
27085,McLeod County,27,085,3095,29.85,0.42,69.73
27087,Mahnomen County,27,087,1643,9.86,0.06,90.08
27089,Marshall County,27,089,4119,1.65,0.27,98.08
27091,Martin County,27,091,5326,39.37,2.91,57.72
27093,Meeker County,27,093,3321,28.91,0.87,70.22
27095,Mille Lacs County,27,095,537,6.33,0.93,92.74
27097,Morrison County,27,097,1897,4.16,5.69,90.14
27099,Mower County,27,099,5038,42.93,2.82,54.25
27101,Murray County,27,101,4778,56.03,0.15,43.83
27103,Nicollet County,27,103,2977,33.73,2.65,63.62
27105,Nobles County,27,105,5363,46.07,2.14,51.78
27107,Norman County,27,107,4022,6.66,0.12,93.21
27109,Olmsted County,27,109,2646,17.99,2.31,79.71
27111,Otter Tail County,27,111,5063,19.65,0.89,79.46
27113,Pennington County,27,113,1873,1.33,0.21,98.45
27115,Pine County,27,115,456,13.16,4.61,82.24
27117,Pipestone County,27,117,2960,34.83,1.18,63.99
27119,Polk County,27,119,5124,4.86,0.23,94.91
27121,Pope County,27,121,3002,31.65,1.57,66.79
27125,Red Lake County,27,125,1672,4.49,0.06,95.45
27127,Redwood County,27,127,6327,48.73,0.24,51.04
27129,Renville County,27,129,7029,29.61,0.57,69.83
27131,Rice County,27,131,2278,23.13,0.66,76.21
27133,Rock County,27,133,3471,32.79,3.51,63.7
27135,Roseau County,27,135,2120,0.85,0.66,98.49
27137,St. Louis County,27,137,1,0.0,0.0,100.0
27139,Scott County,27,139,960,27.92,0.42,71.67
27141,Sherburne County,27,141,761,2.76,1.84,95.4
27143,Sibley County,27,143,4124,33.75,0.99,65.25
27145,Stearns County,27,145,5108,8.77,3.11,88.12
27147,Steele County,27,147,2788,30.99,0.54,68.47
27149,Stevens County,27,149,3672,35.81,0.87,63.32
27151,Swift County,27,151,4637,23.77,2.74,73.5
27153,Todd County,27,153,1703,10.28,0.94,88.78
27155,Traverse County,27,155,4119,39.18,0.95,59.87
27157,Wabasha County,27,157,1833,4.91,4.53,90.56
27159,Wadena County,27,159,393,6.87,0.76,92.37
27161,Waseca County,27,161,2906,37.44,1.1,61.46
27163,Washington County,27,163,416,18.75,1.44,79.81
27165,Watonwan County,27,165,3252,47.02,1.2,51.78
27167,Wilkin County,27,167,4563,13.11,0.0,86.89
27169,Winona County,27,169,1432,6.84,4.68,88.48
27171,Wright County,27,171,2218,24.84,0.86,74.3
27173,Yellow Medicine County,27,173,5179,43.89,0.52,55.59
29001,Adair County,29,001,847,12.87,3.78,83.35
29003,Andrew County,29,003,1844,39.8,0.87,59.33
29005,Atchison County,29,005,3720,52.5,0.65,46.85
29007,Audrain County,29,007,3654,28.27,1.29,70.44
29009,Barry County,29,009,31,9.68,0.0,90.32
29011,Barton County,29,011,1637,8.61,0.37,91.02
29013,Bates County,29,013,2561,19.52,7.46,73.02
29015,Benton County,29,015,482,19.71,0.21,80.08
29017,Bollinger County,29,017,506,4.74,15.61,79.64
29019,Boone County,29,019,874,11.33,3.09,85.58
29021,Buchanan County,29,021,1511,26.74,0.4,72.87
29023,Butler County,29,023,2159,3.06,1.95,95.0
29025,Caldwell County,29,025,1031,13.0,2.62,84.38
29027,Callaway County,29,027,1297,19.51,6.25,74.25
29029,Camden County,29,029,4,0.0,0.0,100.0
29031,Cape Girardeau County,29,031,1203,6.48,7.56,85.95
29033,Carroll County,29,033,2993,22.39,5.08,72.54
29037,Cass County,29,037,1385,14.8,6.64,78.56
29039,Cedar County,29,039,121,19.01,4.96,76.03
29041,Chariton County,29,041,2958,20.62,2.84,76.54
29043,Christian County,29,043,7,0.0,0.0,100.0
29045,Clark County,29,045,1730,31.5,0.46,68.03
29047,Clay County,29,047,523,13.0,10.33,76.67
29049,Clinton County,29,049,1390,38.92,0.65,60.43
29051,Cole County,29,051,175,7.43,5.71,86.86
29053,Cooper County,29,053,1661,27.21,0.48,72.31
29055,Crawford County,29,055,7,0.0,0.0,100.0
29057,Dade County,29,057,410,14.15,0.24,85.61
29059,Dallas County,29,059,18,0.0,0.0,100.0
29061,Daviess County,29,061,1650,17.27,2.97,79.76
29063,DeKalb County,29,063,1333,31.73,1.65,66.62
29065,Dent County,29,065,4,0.0,0.0,100.0
29067,Douglas County,29,067,1,0.0,0.0,100.0
29069,Dunklin County,29,069,1715,1.63,9.68,88.69
29071,Franklin County,29,071,594,14.48,3.37,82.15
29073,Gasconade County,29,073,219,5.02,0.46,94.52
29075,Gentry County,29,075,1324,21.83,1.44,76.74
29077,Greene County,29,077,30,0.0,0.0,100.0
29079,Grundy County,29,079,1453,20.78,6.68,72.54
29081,Harrison County,29,081,1640,31.77,2.07,66.16
29083,Henry County,29,083,1149,7.22,2.79,89.99
29085,Hickory County,29,085,60,0.0,6.67,93.33
29087,Holt County,29,087,2857,42.77,0.95,56.28
29089,Howard County,29,089,1154,23.4,0.43,76.17
29091,Howell County,29,091,5,0.0,0.0,100.0
29093,Iron County,29,093,5,0.0,20.0,80.0
29095,Jackson County,29,095,699,14.02,13.16,72.82
29097,Jasper County,29,097,700,2.29,1.86,95.86
29099,Jefferson County,29,099,128,17.19,6.25,76.56
29101,Johnson County,29,101,1622,21.33,2.59,76.08
29103,Knox County,29,103,1820,24.01,1.92,74.07
29105,Laclede County,29,105,23,0.0,0.0,100.0
29107,Lafayette County,29,107,3101,44.5,1.26,54.24
29109,Lawrence County,29,109,216,4.63,0.0,95.37
29111,Lewis County,29,111,1974,33.59,0.1,66.31
29113,Lincoln County,29,113,1502,13.72,2.93,83.36
29115,Linn County,29,115,1498,12.42,4.81,82.78
29117,Livingston County,29,117,2025,6.42,11.51,82.07
29119,McDonald County,29,119,4,0.0,0.0,100.0
29121,Macon County,29,121,1735,11.12,6.97,81.9
29123,Madison County,29,123,13,7.69,0.0,92.31
29125,Maries County,29,125,43,0.0,13.95,86.05
29127,Marion County,29,127,1609,33.06,0.12,66.81
29129,Mercer County,29,129,731,19.02,2.19,78.8
29131,Miller County,29,131,67,0.0,13.43,86.57
29133,Mississippi County,29,133,2912,1.75,41.0,57.25
29135,Moniteau County,29,135,486,15.43,0.0,84.57
29137,Monroe County,29,137,2111,26.95,2.04,71.01
29139,Montgomery County,29,139,1659,25.38,0.3,74.32
29141,Morgan County,29,141,240,17.92,0.42,81.67
29143,New Madrid County,29,143,3783,3.2,29.24,67.57
29145,Newton County,29,145,85,0.0,1.18,98.82
29147,Nodaway County,29,147,3949,49.51,0.28,50.22
29151,Osage County,29,151,279,5.73,1.79,92.47
29155,Pemiscot County,29,155,2738,1.28,26.52,72.21
29157,Perry County,29,157,851,3.64,3.29,93.07
29159,Pettis County,29,159,2175,26.02,0.41,73.56
29161,Phelps County,29,161,8,0.0,50.0,50.0
29163,Pike County,29,163,1850,23.89,1.14,74.97
29165,Platte County,29,165,1207,27.67,4.89,67.44
29167,Polk County,29,167,50,14.0,0.0,86.0
29169,Pulaski County,29,169,15,20.0,0.0,80.0
29171,Putnam County,29,171,617,14.59,1.62,83.79
29173,Ralls County,29,173,1663,27.78,0.3,71.92
29175,Randolph County,29,175,1012,7.11,5.73,87.15
29177,Ray County,29,177,1638,10.93,13.43,75.64
29181,Ripley County,29,181,162,0.0,1.23,98.77
29183,St. Charles County,29,183,1360,8.53,0.59,90.88
29185,St. Clair County,29,185,590,7.12,1.86,91.02
29186,Ste. Genevieve County,29,186,306,9.15,0.0,90.85
29187,St. Francois County,29,187,33,0.0,12.12,87.88
29189,St. Louis County,29,189,162,1.85,12.96,85.19
29195,Saline County,29,195,4030,39.31,0.79,59.9
29197,Schuyler County,29,197,425,17.18,1.41,81.41
29199,Scotland County,29,199,1490,29.4,0.07,70.54
29201,Scott County,29,201,2292,10.21,10.12,79.67
29205,Shelby County,29,205,2170,10.88,4.52,84.61
29207,Stoddard County,29,207,3505,7.22,5.56,87.22
29209,Stone County,29,209,2,0.0,0.0,100.0
29211,Sullivan County,29,211,656,7.16,6.1,86.74
29217,Vernon County,29,217,1776,16.39,0.96,82.66
29219,Warren County,29,219,665,21.35,2.41,76.24
29221,Washington County,29,221,4,0.0,50.0,50.0
29223,Wayne County,29,223,29,0.0,0.0,100.0
29225,Webster County,29,225,18,0.0,0.0,100.0
29227,Worth County,29,227,469,18.76,2.77,78.46
29229,Wright County,29,229,2,0.0,0.0,100.0
31001,Adams County,31,001,3906,9.32,12.37,78.32
31003,Antelope County,31,003,4854,21.1,5.4,73.51
31005,Arthur County,31,005,35,0.0,37.14,62.86
31007,Banner County,31,007,89,0.0,5.62,94.38
31009,Blaine County,31,009,62,6.45,51.61,41.94
31011,Boone County,31,011,3954,35.81,4.35,59.84
31013,Box Butte County,31,013,808,0.0,13.12,86.88
31015,Boyd County,31,015,809,11.25,3.09,85.66
31017,Brown County,31,017,766,7.05,16.32,76.63
31019,Buffalo County,31,019,4118,5.27,14.93,79.8
31021,Burt County,31,021,3562,54.04,0.45,45.51
31023,Butler County,31,023,3813,36.3,3.3,60.4
31025,Cass County,31,025,3647,58.27,0.03,41.71
31027,Cedar County,31,027,4527,34.28,1.44,64.28
31029,Chase County,31,029,2726,0.04,45.67,54.29
31031,Cherry County,31,031,299,2.01,3.01,94.98
31033,Cheyenne County,31,033,409,0.0,22.0,78.0
31035,Clay County,31,035,3787,18.17,12.23,69.61
31037,Colfax County,31,037,2826,36.55,6.37,57.08
31039,Cuming County,31,039,4093,44.25,2.81,52.94
31041,Custer County,31,041,4526,8.04,16.24,75.72
31043,Dakota County,31,043,1690,58.52,0.41,41.07
31045,Dawes County,31,045,28,0.0,7.14,92.86
31047,Dawson County,31,047,3834,1.59,18.54,79.86
31049,Deuel County,31,049,479,0.0,48.85,51.15
31051,Dixon County,31,051,2919,56.7,0.75,42.55
31053,Dodge County,31,053,3794,50.82,2.37,46.81
31055,Douglas County,31,055,795,37.61,2.14,60.25
31057,Dundy County,31,057,1424,0.35,40.52,59.13
31059,Fillmore County,31,059,4312,20.92,5.61,73.47
31061,Franklin County,31,061,2142,14.38,4.11,81.51
31063,Frontier County,31,063,1667,4.38,11.76,83.86
31065,Furnas County,31,065,2423,4.04,4.13,91.83
31067,Gage County,31,067,5223,50.24,0.04,49.72
31069,Garden County,31,069,401,1.5,39.9,58.6
31071,Garfield County,31,071,211,3.79,27.96,68.25
31073,Gosper County,31,073,1759,4.15,8.87,86.98
31077,Greeley County,31,077,1715,21.57,6.41,72.01
31079,Hall County,31,079,3123,3.17,54.98,41.85
31081,Hamilton County,31,081,3975,11.62,27.65,60.73
31083,Harlan County,31,083,2348,4.73,2.9,92.38
31085,Hayes County,31,085,1246,3.13,34.35,62.52
31087,Hitchcock County,31,087,691,1.88,14.76,83.36
31089,Holt County,31,089,3921,7.6,6.55,85.85
31093,Howard County,31,093,2078,5.97,10.15,83.88
31095,Jefferson County,31,095,2980,43.86,0.2,55.94
31097,Johnson County,31,097,1725,39.94,0.29,59.77
31099,Kearney County,31,099,3616,15.32,11.64,73.04
31101,Keith County,31,101,2067,0.63,32.51,66.86
31103,Keya Paha County,31,103,310,4.84,15.48,79.68
31105,Kimball County,31,105,130,0.0,13.85,86.15
31107,Knox County,31,107,3151,22.88,2.03,75.09
31109,Lancaster County,31,109,4004,47.93,0.05,52.02
31111,Lincoln County,31,111,3759,5.75,32.59,61.67
31113,Logan County,31,113,434,0.0,14.06,85.94
31115,Loup County,31,115,123,8.94,22.76,68.29
31117,McPherson County,31,117,76,0.0,26.32,73.68
31119,Madison County,31,119,3637,43.08,2.67,54.25
31121,Merrick County,31,121,2734,21.54,14.7,63.75
31123,Morrill County,31,123,995,0.0,35.58,64.42
31125,Nance County,31,125,1938,26.78,7.53,65.69
31127,Nemaha County,31,127,2594,50.19,0.0,49.81
31129,Nuckolls County,31,129,2846,9.91,5.34,84.75
31131,Otoe County,31,131,3955,52.44,0.03,47.53
31133,Pawnee County,31,133,1855,50.24,0.16,49.6
31135,Perkins County,31,135,4151,0.12,34.4,65.48
31137,Phelps County,31,137,3676,10.42,11.89,77.69
31139,Pierce County,31,139,3626,35.66,2.73,61.61
31141,Platte County,31,141,4642,33.3,8.25,58.44
31143,Polk County,31,143,2984,34.82,6.74,58.45
31145,Red Willow County,31,145,1320,2.12,7.05,90.83
31147,Richardson County,31,147,3170,48.33,0.16,51.51
31149,Rock County,31,149,560,23.04,3.93,73.04
31151,Saline County,31,151,3721,37.6,2.26,60.15
31153,Sarpy County,31,153,948,40.72,1.27,58.02
31155,Saunders County,31,155,5025,46.65,0.64,52.72
31157,Scotts Bluff County,31,157,1187,0.0,14.41,85.59
31159,Seward County,31,159,3626,39.24,3.45,57.31
31161,Sheridan County,31,161,447,0.0,13.2,86.8
31163,Sherman County,31,163,1528,8.9,10.01,81.09
31165,Sioux County,31,165,190,0.0,21.58,78.42
31167,Stanton County,31,167,2517,42.99,1.63,55.38
31169,Thayer County,31,169,3576,20.19,4.61,75.2
31171,Thomas County,31,171,7,0.0,28.57,71.43
31173,Thurston County,31,173,2495,49.22,1.32,49.46
31175,Valley County,31,175,1426,12.48,13.6,73.91
31177,Washington County,31,177,2386,40.65,0.13,59.22
31179,Wayne County,31,179,3279,52.85,0.91,46.23
31181,Webster County,31,181,2337,9.41,3.98,86.61
31183,Wheeler County,31,183,784,17.86,5.1,77.04
31185,York County,31,185,4377,18.28,21.64,60.09
38001,Adams County,38,001,268,0.0,39.18,60.82
38003,Barnes County,38,003,7738,5.45,1.34,93.2
38005,Benson County,38,005,3047,2.1,0.39,97.51
38007,Billings County,38,007,1,0.0,0.0,100.0
38009,Bottineau County,38,009,2015,1.19,0.65,98.16
38011,Bowman County,38,011,139,0.0,12.23,87.77
38013,Burke County,38,013,17,0.0,0.0,100.0
38015,Burleigh County,38,015,1979,4.5,0.15,95.35
38017,Cass County,38,017,11826,9.18,0.49,90.33
38019,Cavalier County,38,019,347,0.0,0.58,99.42
38021,Dickey County,38,021,4901,16.06,0.22,83.72
38023,Divide County,38,023,13,0.0,0.0,100.0
38025,Dunn County,38,025,55,0.0,0.0,100.0
38027,Eddy County,38,027,1571,4.14,0.19,95.67
38029,Emmons County,38,029,3394,3.33,0.06,96.61
38031,Foster County,38,031,3204,5.65,0.34,94.01
38033,Golden Valley County,38,033,3,0.0,0.0,100.0
38035,Grand Forks County,38,035,4757,5.57,0.17,94.26
38037,Grant County,38,037,539,5.01,0.0,94.99
38039,Griggs County,38,039,2353,2.29,1.15,96.56
38041,Hettinger County,38,041,98,0.0,0.0,100.0
38043,Kidder County,38,043,1490,3.89,0.34,95.77
38045,LaMoure County,38,045,6241,9.33,1.12,89.55
38047,Logan County,38,047,2106,4.94,1.28,93.78
38049,McHenry County,38,049,2589,1.93,1.0,97.06
38051,McIntosh County,38,051,2548,2.24,1.18,96.59
38053,McKenzie County,38,053,15,6.67,0.0,93.33
38055,McLean County,38,055,1841,2.44,0.11,97.45
38057,Mercer County,38,057,322,1.55,1.24,97.2
38059,Morton County,38,059,874,5.72,1.95,92.33
38061,Mountrail County,38,061,136,0.74,0.0,99.26
38063,Nelson County,38,063,1720,1.69,0.35,97.97
38065,Oliver County,38,065,365,7.67,1.64,90.68
38067,Pembina County,38,067,1650,1.15,0.12,98.73
38069,Pierce County,38,069,1605,2.06,0.25,97.69
38071,Ramsey County,38,071,1806,3.38,0.06,96.57
38073,Ransom County,38,073,3678,6.58,1.22,92.2
38075,Renville County,38,075,654,0.46,0.0,99.54
38077,Richland County,38,077,8929,23.88,0.21,75.91
38079,Rolette County,38,079,314,1.27,0.0,98.73
38081,Sargent County,38,081,4396,17.49,0.5,82.01
38083,Sheridan County,38,083,1424,4.49,0.28,95.22
38085,Sioux County,38,085,204,7.35,0.49,92.16
38087,Slope County,38,087,9,0.0,11.11,88.89
38089,Stark County,38,089,85,0.0,2.35,97.65
38091,Steele County,38,091,3973,3.65,3.73,92.63
38093,Stutsman County,38,093,9209,5.47,2.75,91.78
38095,Towner County,38,095,1076,0.09,0.19,99.72
38097,Traill County,38,097,4376,5.44,1.62,92.94
38099,Walsh County,38,099,1393,0.86,0.22,98.92
38101,Ward County,38,101,1827,0.88,0.05,99.07
38103,Wells County,38,103,4616,3.9,0.04,96.06
38105,Williams County,38,105,59,0.0,0.0,100.0
39001,Adams County,39,001,476,8.82,4.41,86.76
39003,Allen County,39,003,2238,15.5,0.22,84.27
39005,Ashland County,39,005,1169,6.33,1.37,92.3
39007,Ashtabula County,39,007,725,11.45,2.76,85.79
39009,Athens County,39,009,37,10.81,0.0,89.19
39011,Auglaize County,39,011,2559,11.45,0.7,87.85
39013,Belmont County,39,013,1,0.0,0.0,100.0
39015,Brown County,39,015,1555,1.93,22.32,75.76
39017,Butler County,39,017,848,25.94,2.0,72.05
39019,Carroll County,39,019,135,10.37,0.74,88.89
39021,Champaign County,39,021,2532,45.81,0.36,53.83
39023,Clark County,39,023,1880,40.21,1.54,58.24
39025,Clermont County,39,025,627,6.22,5.9,87.88
39027,Clinton County,39,027,2429,31.0,6.22,62.78
39029,Columbiana County,39,029,573,11.69,0.0,88.31
39031,Coshocton County,39,031,470,14.89,7.66,77.45
39033,Crawford County,39,033,2553,24.76,0.39,74.85
39037,Darke County,39,037,4090,28.7,0.27,71.03
39039,Defiance County,39,039,2321,3.66,3.32,93.02
39041,Delaware County,39,041,1581,15.69,4.93,79.38
39043,Erie County,39,043,949,11.7,0.0,88.3
39045,Fairfield County,39,045,1811,25.84,0.55,73.61
39047,Fayette County,39,047,2802,41.79,1.96,56.25
39049,Franklin County,39,049,648,21.91,3.4,74.69
39051,Fulton County,39,051,2602,9.11,0.19,90.7
39053,Gallia County,39,053,61,11.48,3.28,85.25
39055,Geauga County,39,055,71,2.82,0.0,97.18
39057,Greene County,39,057,1713,46.06,0.76,53.18
39059,Guernsey County,39,059,61,1.64,1.64,96.72
39061,Hamilton County,39,061,99,42.42,1.01,56.57
39063,Hancock County,39,063,3464,6.44,0.66,92.9
39065,Hardin County,39,065,3106,14.68,2.32,83.0
39067,Harrison County,39,067,56,5.36,0.0,94.64
39069,Henry County,39,069,2881,4.89,0.38,94.72
39071,Highland County,39,071,2014,7.65,12.02,80.34
39073,Hocking County,39,073,66,15.15,0.0,84.85
39075,Holmes County,39,075,381,14.17,1.31,84.51
39077,Huron County,39,077,2613,12.21,2.03,85.76
39079,Jackson County,39,079,86,9.3,2.33,88.37
39081,Jefferson County,39,081,17,0.0,0.0,100.0
39083,Knox County,39,083,1500,32.13,0.13,67.73
39085,Lake County,39,085,14,0.0,0.0,100.0
39087,Lawrence County,39,087,28,0.0,0.0,100.0
39089,Licking County,39,089,1700,19.53,2.94,77.53
39091,Logan County,39,091,2299,20.57,0.61,78.82
39093,Lorain County,39,093,1121,6.24,3.93,89.83
39095,Lucas County,39,095,791,1.39,4.3,94.31
39097,Madison County,39,097,3203,41.84,1.25,56.92
39099,Mahoning County,39,099,390,9.23,0.51,90.26
39101,Marion County,39,101,2528,23.14,5.34,71.52
39103,Medina County,39,103,584,7.02,2.74,90.24
39105,Meigs County,39,105,46,26.09,0.0,73.91
39107,Mercer County,39,107,3168,14.96,1.67,83.36
39109,Miami County,39,109,2221,38.9,0.68,60.42
39113,Montgomery County,39,113,1104,29.62,0.54,69.84
39115,Morgan County,39,115,48,10.42,0.0,89.58
39117,Morrow County,39,117,1707,13.36,0.64,86.0
39119,Muskingum County,39,119,368,18.21,0.27,81.52
39121,Noble County,39,121,2,0.0,0.0,100.0
39123,Ottawa County,39,123,1137,1.67,12.93,85.4
39125,Paulding County,39,125,2781,4.71,2.41,92.88
39127,Perry County,39,127,440,23.41,0.45,76.14
39129,Pickaway County,39,129,2920,33.12,1.85,65.03
39131,Pike County,39,131,359,28.69,1.11,70.19
39133,Portage County,39,133,404,10.4,1.73,87.87
39135,Preble County,39,135,2317,35.61,0.04,64.35
39137,Putnam County,39,137,3364,4.85,1.61,93.55
39139,Richland County,39,139,1337,16.45,0.07,83.47
39141,Ross County,39,141,1576,30.96,0.32,68.72
39143,Sandusky County,39,143,2465,12.86,1.91,85.23
39145,Scioto County,39,145,312,19.23,12.18,68.59
39147,Seneca County,39,147,3528,6.52,0.6,92.89
39149,Shelby County,39,149,2529,19.45,1.58,78.96
39151,Stark County,39,151,757,10.17,0.53,89.3
39153,Summit County,39,153,37,13.51,0.0,86.49
39155,Trumbull County,39,155,640,10.31,0.31,89.38
39157,Tuscarawas County,39,157,372,9.68,4.3,86.02
39159,Union County,39,159,2453,13.21,6.28,80.51
39161,Van Wert County,39,161,3075,12.0,2.5,85.5
39163,Vinton County,39,163,28,50.0,0.0,50.0
39165,Warren County,39,165,774,14.86,3.49,81.65
39167,Washington County,39,167,138,8.7,2.9,88.41
39169,Wayne County,39,169,1511,6.75,0.93,92.32
39171,Williams County,39,171,2193,5.97,0.68,93.34
39173,Wood County,39,173,3776,3.23,1.46,95.31
39175,Wyandot County,39,175,2599,14.01,0.46,85.53
46003,Aurora County,46,003,2426,20.2,0.58,79.23
46005,Beadle County,46,005,5500,29.53,0.22,70.25
46007,Bennett County,46,007,164,1.22,4.27,94.51
46009,Bon Homme County,46,009,2841,12.21,0.42,87.36
46011,Brookings County,46,011,4067,33.42,0.39,66.19
46013,Brown County,46,013,8800,32.07,0.28,67.65
46015,Brule County,46,015,2427,10.51,0.37,89.12
46017,Buffalo County,46,017,622,31.99,0.16,67.85
46019,Butte County,46,019,35,0.0,20.0,80.0
46021,Campbell County,46,021,1963,9.63,0.05,90.32
46023,Charles Mix County,46,023,4198,9.93,0.1,89.97
46025,Clark County,46,025,4453,28.63,0.38,70.99
46027,Clay County,46,027,2812,34.64,0.6,64.76
46029,Codington County,46,029,3109,20.52,0.77,78.71
46031,Corson County,46,031,354,3.39,0.0,96.61
46033,Custer County,46,033,3,0.0,0.0,100.0
46035,Davison County,46,035,2050,27.8,0.24,71.95
46037,Day County,46,037,4141,22.0,0.1,77.9
46039,Deuel County,46,039,2679,29.26,0.9,69.84
46041,Dewey County,46,041,164,12.8,1.22,85.98
46043,Douglas County,46,043,2172,11.37,0.0,88.63
46045,Edmunds County,46,045,5115,23.23,0.06,76.72
46047,Fall River County,46,047,25,0.0,16.0,84.0
46049,Faulk County,46,049,4373,24.42,0.02,75.55
46051,Grant County,46,051,3201,24.49,1.22,74.29
46053,Gregory County,46,053,1343,11.47,0.6,87.94
46055,Haakon County,46,055,111,0.0,1.8,98.2
46057,Hamlin County,46,057,2928,36.54,0.07,63.39
46059,Hand County,46,059,5300,23.09,0.21,76.7
46061,Hanson County,46,061,2420,24.42,0.91,74.67
46063,Harding County,46,063,12,0.0,0.0,100.0
46065,Hughes County,46,065,774,17.05,0.26,82.69
46067,Hutchinson County,46,067,4656,18.81,0.34,80.84
46069,Hyde County,46,069,1573,3.43,0.0,96.57
46071,Jackson County,46,071,58,0.0,0.0,100.0
46073,Jerauld County,46,073,1283,20.81,0.31,78.88
46075,Jones County,46,075,38,0.0,0.0,100.0
46077,Kingsbury County,46,077,4349,35.07,0.07,64.87
46079,Lake County,46,079,3453,35.42,0.58,64.0
46081,Lawrence County,46,081,2,0.0,0.0,100.0
46083,Lincoln County,46,083,3876,35.37,0.83,63.8
46085,Lyman County,46,085,468,4.27,0.0,95.73
46087,McCook County,46,087,3487,22.45,0.06,77.49
46089,McPherson County,46,089,2471,10.2,0.24,89.56
46091,Marshall County,46,091,3025,18.41,0.56,81.02
46093,Meade County,46,093,20,0.0,25.0,75.0
46095,Mellette County,46,095,106,0.0,5.66,94.34
46097,Miner County,46,097,2488,27.13,0.0,72.87
46099,Minnehaha County,46,099,4626,30.98,1.3,67.73
46101,Moody County,46,101,3294,38.71,2.25,59.05
46102,Oglala Lakota County,46,102,24,0.0,0.0,100.0
46103,Pennington County,46,103,95,0.0,0.0,100.0
46105,Perkins County,46,105,94,2.13,17.02,80.85
46107,Potter County,46,107,2403,5.08,0.04,94.88
46109,Roberts County,46,109,4916,35.31,0.31,64.38
46111,Sanborn County,46,111,1813,26.42,0.83,72.75
46115,Spink County,46,115,8652,28.81,0.37,70.82
46117,Stanley County,46,117,20,0.0,0.0,100.0
46119,Sully County,46,119,1162,10.59,0.0,89.41
46121,Todd County,46,121,200,1.0,3.0,96.0
46123,Tripp County,46,123,1486,2.62,0.87,96.5
46125,Turner County,46,125,4109,25.26,0.97,73.76
46127,Union County,46,127,3192,43.67,0.6,55.73
46129,Walworth County,46,129,2166,13.16,0.09,86.75
46135,Yankton County,46,135,2624,22.41,0.38,77.21
46137,Ziebach County,46,137,66,0.0,0.0,100.0
55001,Adams County,55,001,527,7.97,2.66,89.37
55003,Ashland County,55,003,28,0.0,7.14,92.86
55005,Barron County,55,005,1877,10.02,1.28,88.71
55007,Bayfield County,55,007,23,0.0,0.0,100.0
55009,Brown County,55,009,1062,3.58,0.94,95.48
55011,Buffalo County,55,011,1259,4.29,3.26,92.45
55013,Burnett County,55,013,268,13.81,0.37,85.82
55015,Calumet County,55,015,1064,2.07,0.66,97.27
55017,Chippewa County,55,017,2160,9.95,0.65,89.4
55019,Clark County,55,019,2412,5.39,0.75,93.86
55021,Columbia County,55,021,2644,4.08,9.95,85.97
55023,Crawford County,55,023,527,21.06,0.57,78.37
55025,Dane County,55,025,3840,8.15,4.19,87.66
55027,Dodge County,55,027,3437,6.66,1.75,91.59
55029,Door County,55,029,467,0.64,1.71,97.64
55033,Dunn County,55,033,2354,15.93,1.4,82.67
55035,Eau Claire County,55,035,1042,13.34,0.86,85.8
55037,Florence County,55,037,4,0.0,0.0,100.0
55039,Fond du Lac County,55,039,2464,4.79,1.87,93.34
55041,Forest County,55,041,3,0.0,0.0,100.0
55043,Grant County,55,043,2625,10.29,2.93,86.78
55045,Green County,55,045,2266,13.9,5.83,80.27
55047,Green Lake County,55,047,1075,3.44,6.7,89.86
55049,Iowa County,55,049,1439,15.01,1.04,83.95
55051,Iron County,55,051,11,0.0,18.18,81.82
55053,Jackson County,55,053,1074,10.34,1.12,88.55
55055,Jefferson County,55,055,2032,13.14,2.46,84.4
55057,Juneau County,55,057,868,20.16,0.81,79.03
55059,Kenosha County,55,059,859,20.26,0.23,79.51
55061,Kewaunee County,55,061,829,2.41,1.45,96.14
55063,La Crosse County,55,063,549,8.01,2.0,89.98
55065,Lafayette County,55,065,2636,16.77,10.55,72.69
55067,Langlade County,55,067,150,2.67,3.33,94.0
55069,Lincoln County,55,069,175,5.14,0.57,94.29
55071,Manitowoc County,55,071,1281,2.42,1.48,96.1
55073,Marathon County,55,073,2490,6.31,1.16,92.53
55075,Marinette County,55,075,572,1.92,5.07,93.01
55077,Marquette County,55,077,691,10.42,2.89,86.69
55078,Menominee County,55,078,1,0.0,0.0,100.0
55079,Milwaukee County,55,079,49,0.0,0.0,100.0
55081,Monroe County,55,081,979,9.09,3.47,87.44
55083,Oconto County,55,083,1155,3.03,2.94,94.03
55085,Oneida County,55,085,9,0.0,0.0,100.0
55087,Outagamie County,55,087,1951,4.82,0.97,94.21
55089,Ozaukee County,55,089,432,3.47,0.69,95.83
55091,Pepin County,55,091,608,9.7,1.32,88.98
55093,Pierce County,55,093,1822,11.47,3.57,84.96
55095,Polk County,55,095,1253,14.29,2.47,83.24
55097,Portage County,55,097,922,2.49,4.66,92.84
55099,Price County,55,099,25,8.0,0.0,92.0
55101,Racine County,55,101,1029,13.51,0.49,86.01
55103,Richland County,55,103,618,5.83,5.34,88.83
55105,Rock County,55,105,3633,21.41,4.18,74.4
55107,Rusk County,55,107,483,11.18,2.07,86.75
55109,St. Croix County,55,109,2166,19.44,3.97,76.59
55111,Sauk County,55,111,1595,5.77,3.39,90.85
55113,Sawyer County,55,113,110,12.73,0.91,86.36
55115,Shawano County,55,115,1530,3.33,2.09,94.58
55117,Sheboygan County,55,117,1203,3.99,0.25,95.76
55119,Taylor County,55,119,786,10.05,0.13,89.82
55121,Trempealeau County,55,121,1750,9.31,2.97,87.71
55123,Vernon County,55,123,974,15.81,1.85,82.34
55127,Walworth County,55,127,2290,15.24,7.16,77.6
55129,Washburn County,55,129,231,20.35,0.87,78.79
55131,Washington County,55,131,732,7.92,0.14,91.94
55133,Waukesha County,55,133,562,14.77,0.71,84.52
55135,Waupaca County,55,135,1224,4.98,2.78,92.24
55137,Waushara County,55,137,778,2.06,1.41,96.53
55139,Winnebago County,55,139,1316,7.83,1.06,91.11
55141,Wood County,55,141,769,4.16,0.91,94.93
