week,year,crop,doy,mean_ndvi,q25_ndvi,q75_ndvi,n_pixels
0,2008,corn,105,0.6626256103515625,0.628,0.684,4287444
1,2008,corn,112,0.6816417236328125,0.636,0.712,4287444
2,2008,corn,119,0.6888851318359375,0.644,0.72,4287444
3,2008,corn,126,0.6992457275390624,0.652,0.74,4287444
4,2008,corn,133,0.713249267578125,0.66,0.76,4287444
5,2008,corn,140,0.71166650390625,0.656,0.756,4287444
6,2008,corn,147,0.729574951171875,0.672,0.776,4287444
7,2008,corn,154,0.700154296875,0.64,0.76,4287444
8,2008,corn,161,0.7736556396484375,0.72,0.824,4287444
9,2008,corn,168,0.7972601928710937,0.748,0.848,4287444
10,2008,corn,175,0.827044921875,0.784,0.876,4287444
11,2008,corn,182,0.8742403564453125,0.844,0.916,4287444
12,2008,corn,189,0.907745849609375,0.892,0.94,4287444
13,2008,corn,196,0.9211801147460937,0.908,0.948,4287444
14,2008,corn,203,0.925258056640625,0.912,0.948,4287444
15,2008,corn,210,0.930092041015625,0.92,0.952,4287444
16,2008,corn,217,0.9276820678710938,0.92,0.952,4287444
17,2008,corn,224,0.9291953735351562,0.92,0.952,4287444
18,2008,corn,231,0.9224054565429688,0.912,0.944,4287444
19,2008,corn,238,0.9170917358398437,0.904,0.94,4287444
20,2008,corn,259,0.861863525390625,0.836,0.896,4287444
21,2008,corn,266,0.8153958740234375,0.776,0.856,4287444
22,2008,corn,273,0.7808589477539063,0.74,0.824,4287444
23,2008,corn,280,0.745899169921875,0.7,0.784,4287444
24,2008,corn,294,0.69892236328125,0.656,0.732,4287444
25,2008,corn,301,0.6906060180664062,0.652,0.72,4287444
26,2008,corn,308,0.665848388671875,0.632,0.692,4287444
0,2008,soy,105,0.6657102661132812,0.628,0.688,3522864
1,2008,soy,112,0.6848889770507812,0.636,0.724,3522864
2,2008,soy,119,0.6938805541992188,0.64,0.732,3522864
3,2008,soy,126,0.7044338989257812,0.648,0.748,3522864
4,2008,soy,133,0.718189208984375,0.656,0.768,3522864
5,2008,soy,140,0.7176002197265625,0.66,0.768,3522864
6,2008,soy,147,0.7314506225585937,0.672,0.784,3522864
7,2008,soy,154,0.7037528076171875,0.644,0.768,3522864
8,2008,soy,161,0.7678554077148437,0.716,0.816,3522864
9,2008,soy,168,0.781425048828125,0.732,0.828,3522864
10,2008,soy,175,0.7963009033203124,0.748,0.844,3522864
11,2008,soy,182,0.8418153076171875,0.804,0.884,3522864
12,2008,soy,189,0.8828828125,0.856,0.92,3522864
13,2008,soy,196,0.9030057373046875,0.88,0.936,3522864
14,2008,soy,203,0.91679931640625,0.9,0.944,3522864
15,2008,soy,210,0.929455078125,0.916,0.956,3522864
16,2008,soy,217,0.9326431884765625,0.92,0.956,3522864
17,2008,soy,224,0.9360140380859375,0.924,0.96,3522864
18,2008,soy,231,0.9300726318359375,0.916,0.952,3522864
19,2008,soy,238,0.926642578125,0.912,0.948,3522864
20,2008,soy,259,0.8632734375,0.832,0.9,3522864
21,2008,soy,266,0.8043028564453125,0.756,0.852,3522864
22,2008,soy,273,0.7691376342773437,0.724,0.812,3522864
23,2008,soy,280,0.7342488403320313,0.684,0.776,3522864
24,2008,soy,294,0.698939453125,0.652,0.736,3522864
25,2008,soy,301,0.6887384643554687,0.648,0.72,3522864
26,2008,soy,308,0.6654158325195313,0.628,0.696,3522864
0,2008,wheat,105,0.74648583984375,0.676,0.808,1217469
1,2008,wheat,112,0.766253173828125,0.7,0.828,1217469
2,2008,wheat,119,0.7846770629882812,0.716,0.856,1217469
3,2008,wheat,126,0.802536376953125,0.744,0.868,1217469
4,2008,wheat,133,0.811465576171875,0.752,0.88,1217469
5,2008,wheat,140,0.8164323120117187,0.76,0.88,1217469
6,2008,wheat,147,0.8159406127929687,0.76,0.88,1217469
7,2008,wheat,154,0.798909912109375,0.744,0.86,1217469
8,2008,wheat,161,0.7967747802734375,0.732,0.864,1217469
9,2008,wheat,168,0.7754324340820312,0.708,0.844,1217469
10,2008,wheat,175,0.7603181762695312,0.688,0.824,1217469
11,2008,wheat,182,0.7605780029296875,0.688,0.832,1217469
12,2008,wheat,189,0.7559689331054688,0.68,0.828,1217469
13,2008,wheat,196,0.7667788696289063,0.696,0.836,1217469
14,2008,wheat,203,0.766834228515625,0.7,0.832,1217469
15,2008,wheat,210,0.7719949951171875,0.696,0.844,1217469
16,2008,wheat,217,0.7507879028320312,0.672,0.828,1217469
17,2008,wheat,224,0.7681279296875,0.692,0.84,1217469
18,2008,wheat,231,0.7784669189453125,0.712,0.844,1217469
19,2008,wheat,238,0.7796337280273438,0.716,0.844,1217469
20,2008,wheat,259,0.7587374267578125,0.7,0.812,1217469
21,2008,wheat,266,0.7475687255859375,0.696,0.792,1217469
22,2008,wheat,273,0.7301279907226562,0.684,0.768,1217469
23,2008,wheat,280,0.7192732543945313,0.676,0.752,1217469
24,2008,wheat,294,0.7009886474609375,0.66,0.732,1217469
25,2008,wheat,301,0.7039996337890625,0.664,0.736,1217469
26,2008,wheat,308,0.6884550170898438,0.648,0.72,1217469
0,2009,corn,103,0.6550701904296875,0.624,0.672,4321769
1,2009,corn,110,0.6655619506835937,0.628,0.688,4321769
2,2009,corn,117,0.6659703979492188,0.632,0.696,4321769
3,2009,corn,124,0.6894570922851563,0.64,0.728,4321769
4,2009,corn,131,0.7192158203125,0.664,0.764,4321769
5,2009,corn,138,0.7209590454101562,0.66,0.772,4321769
6,2009,corn,145,0.737710205078125,0.68,0.784,4321769
7,2009,corn,152,0.7389248657226563,0.684,0.784,4321769
8,2009,corn,159,0.7372125244140625,0.68,0.792,4321769
9,2009,corn,166,0.8006956787109375,0.748,0.852,4321769
10,2009,corn,173,0.8735789794921875,0.844,0.916,4321769
11,2009,corn,180,0.8735568237304687,0.84,0.924,4321769
12,2009,corn,187,0.9041023559570313,0.884,0.936,4321769
13,2009,corn,194,0.9137431030273437,0.896,0.944,4321769
14,2009,corn,201,0.92653125,0.912,0.952,4321769
15,2009,corn,208,0.92641162109375,0.916,0.952,4321769
16,2009,corn,215,0.9308898315429688,0.92,0.952,4321769
17,2009,corn,222,0.9329061279296875,0.924,0.952,4321769
18,2009,corn,229,0.9173248901367187,0.904,0.948,4321769
19,2009,corn,236,0.9179818725585938,0.904,0.944,4321769
20,2009,corn,243,0.9137155151367188,0.9,0.944,4321769
21,2009,corn,250,0.8765933227539062,0.852,0.92,4321769
22,2009,corn,257,0.854031005859375,0.824,0.896,4321769
23,2009,corn,264,0.78657666015625,0.74,0.848,4321769
24,2009,corn,271,0.7881318359375,0.744,0.836,4321769
25,2009,corn,278,0.7403624877929688,0.7,0.784,4321769
26,2009,corn,285,0.691474853515625,0.652,0.728,4321769
27,2009,corn,292,0.6717706909179687,0.636,0.708,4321769
28,2009,corn,299,0.666354248046875,0.632,0.696,4321769
29,2009,corn,306,0.675145751953125,0.64,0.7,4321769
0,2009,soy,103,0.6578182373046875,0.624,0.68,3667609
1,2009,soy,110,0.6693800659179687,0.624,0.7,3667609
2,2009,soy,117,0.6628836669921875,0.624,0.692,3667609
3,2009,soy,124,0.6905101318359375,0.636,0.736,3667609
4,2009,soy,131,0.7202778930664062,0.66,0.772,3667609
5,2009,soy,138,0.7240009155273438,0.66,0.78,3667609
6,2009,soy,145,0.7364981079101562,0.676,0.788,3667609
7,2009,soy,152,0.7343858032226562,0.676,0.784,3667609
8,2009,soy,159,0.7252597045898438,0.672,0.776,3667609
9,2009,soy,166,0.776553466796875,0.724,0.828,3667609
10,2009,soy,173,0.8390540161132812,0.8,0.884,3667609
11,2009,soy,180,0.8376912841796875,0.788,0.892,3667609
12,2009,soy,187,0.8742874145507813,0.84,0.92,3667609
13,2009,soy,194,0.89330859375,0.864,0.932,3667609
14,2009,soy,201,0.9138546752929687,0.892,0.948,3667609
15,2009,soy,208,0.9169426879882813,0.896,0.948,3667609
16,2009,soy,215,0.9282672119140625,0.916,0.952,3667609
17,2009,soy,222,0.9375640258789063,0.928,0.956,3667609
18,2009,soy,229,0.9233392944335937,0.908,0.952,3667609
19,2009,soy,236,0.9277942504882812,0.912,0.952,3667609
20,2009,soy,243,0.923662841796875,0.912,0.948,3667609
21,2009,soy,250,0.8853544921875,0.86,0.928,3667609
22,2009,soy,257,0.848077392578125,0.812,0.896,3667609
23,2009,soy,264,0.7725479125976562,0.724,0.836,3667609
24,2009,soy,271,0.7725985717773437,0.724,0.82,3667609
25,2009,soy,278,0.7283629760742187,0.684,0.776,3667609
26,2009,soy,285,0.68687158203125,0.64,0.732,3667609
27,2009,soy,292,0.6762409057617188,0.636,0.716,3667609
28,2009,soy,299,0.6701602172851563,0.636,0.7,3667609
29,2009,soy,306,0.6783463134765625,0.64,0.708,3667609
0,2009,wheat,103,0.731189453125,0.672,0.784,1215783
1,2009,wheat,110,0.75436328125,0.692,0.816,1215783
2,2009,wheat,117,0.6953587646484375,0.632,0.756,1215783
3,2009,wheat,124,0.7953182373046875,0.738,0.856,1215783
4,2009,wheat,131,0.8154445190429688,0.768,0.868,1215783
5,2009,wheat,138,0.8228407592773438,0.776,0.872,1215783
6,2009,wheat,145,0.8216074829101563,0.78,0.868,1215783
7,2009,wheat,152,0.79462060546875,0.744,0.844,1215783
8,2009,wheat,159,0.7674094848632812,0.708,0.824,1215783
9,2009,wheat,166,0.7688160400390625,0.708,0.824,1215783
10,2009,wheat,173,0.781707275390625,0.72,0.84,1215783
11,2009,wheat,180,0.7636754150390626,0.704,0.816,1215783
12,2009,wheat,187,0.7704488525390625,0.708,0.828,1215783
13,2009,wheat,194,0.7668032836914063,0.7,0.832,1215783
14,2009,wheat,201,0.7690015869140625,0.7,0.836,1215783
15,2009,wheat,208,0.7740845336914063,0.712,0.836,1215783
16,2009,wheat,215,0.773500732421875,0.708,0.836,1215783
17,2009,wheat,222,0.7771057739257813,0.712,0.84,1215783
18,2009,wheat,229,0.7699521484375,0.704,0.832,1215783
19,2009,wheat,236,0.7619972534179688,0.696,0.824,1215783
20,2009,wheat,243,0.769209716796875,0.708,0.824,1215783
21,2009,wheat,250,0.7054627075195312,0.636,0.768,1215783
22,2009,wheat,257,0.7320806884765625,0.672,0.784,1215783
23,2009,wheat,264,0.71802294921875,0.668,0.764,1215783
24,2009,wheat,271,0.7155542602539062,0.664,0.76,1215783
25,2009,wheat,278,0.6742107543945313,0.628,0.712,1215783
26,2009,wheat,285,0.6760606689453125,0.632,0.712,1215783
27,2009,wheat,292,0.6644933471679687,0.624,0.7,1215783
28,2009,wheat,299,0.6775880737304687,0.636,0.712,1215783
29,2009,wheat,306,0.6857506103515625,0.644,0.716,1215783
0,2010,corn,102,0.6920458984375,0.648,0.724,4474566
1,2010,corn,109,0.6846224365234375,0.64,0.72,4474566
2,2010,corn,116,0.7070288696289062,0.656,0.748,4474566
3,2010,corn,123,0.71616845703125,0.66,0.768,4474566
4,2010,corn,130,0.67289892578125,0.624,0.712,4474566
5,2010,corn,137,0.7235873413085937,0.664,0.772,4474566
6,2010,corn,144,0.7531963500976563,0.692,0.804,4474566
7,2010,corn,151,0.77240869140625,0.716,0.828,4474566
8,2010,corn,158,0.7827614135742188,0.728,0.84,4474566
9,2010,corn,165,0.8637098999023437,0.824,0.912,4474566
10,2010,corn,172,0.8976817626953125,0.872,0.936,4474566
11,2010,corn,179,0.9146932373046875,0.9,0.944,4474566
12,2010,corn,186,0.922718994140625,0.904,0.952,4474566
13,2010,corn,193,0.9329723510742187,0.92,0.96,4474566
14,2010,corn,200,0.9252081909179688,0.912,0.952,4474566
15,2010,corn,207,0.9311928100585938,0.92,0.956,4474566
16,2010,corn,214,0.9345787353515626,0.924,0.956,4474566
17,2010,corn,221,0.9270183715820313,0.916,0.952,4474566
18,2010,corn,228,0.9224248046875,0.908,0.948,4474566
19,2010,corn,235,0.9059390258789063,0.888,0.936,4474566
20,2010,corn,242,0.870112548828125,0.84,0.908,4474566
21,2010,corn,249,0.8308049926757812,0.792,0.876,4474566
22,2010,corn,256,0.7950512084960938,0.748,0.844,4474566
23,2010,corn,263,0.756543212890625,0.708,0.804,4474566
24,2010,corn,270,0.7441813354492187,0.696,0.788,4474566
25,2010,corn,277,0.723654296875,0.676,0.76,4474566
26,2010,corn,284,0.7049169311523438,0.664,0.736,4474566
27,2010,corn,291,0.6828262939453125,0.644,0.712,4474566
28,2010,corn,298,0.6755930786132812,0.636,0.704,4474566
29,2010,corn,305,0.6868310546875,0.648,0.712,4474566
0,2010,soy,102,0.6928045043945312,0.644,0.728,3743352
1,2010,soy,109,0.6850126953125,0.64,0.72,3743352
2,2010,soy,116,0.7026643676757812,0.648,0.748,3743352
3,2010,soy,123,0.716996826171875,0.656,0.776,3743352
4,2010,soy,130,0.6710084838867187,0.624,0.708,3743352
5,2010,soy,137,0.7216209106445313,0.664,0.768,3743352
6,2010,soy,144,0.7507941284179688,0.688,0.804,3743352
7,2010,soy,151,0.75640380859375,0.7,0.808,3743352
8,2010,soy,158,0.7601212158203124,0.708,0.816,3743352
9,2010,soy,165,0.8315816040039062,0.788,0.88,3743352
10,2010,soy,172,0.8623247680664062,0.824,0.908,3743352
11,2010,soy,179,0.8973355712890625,0.872,0.932,3743352
12,2010,soy,186,0.9002510375976562,0.872,0.94,3743352
13,2010,soy,193,0.92099755859375,0.9,0.952,3743352
14,2010,soy,200,0.92334228515625,0.904,0.952,3743352
15,2010,soy,207,0.9323002319335938,0.916,0.96,3743352
16,2010,soy,214,0.9407860717773437,0.928,0.964,3743352
17,2010,soy,221,0.9351029052734375,0.924,0.96,3743352
18,2010,soy,228,0.935155029296875,0.924,0.956,3743352
19,2010,soy,235,0.9240183715820313,0.908,0.948,3743352
20,2010,soy,242,0.8980542602539062,0.876,0.932,3743352
21,2010,soy,249,0.8613130493164063,0.828,0.9,3743352
22,2010,soy,256,0.818681396484375,0.772,0.868,3743352
23,2010,soy,263,0.77414697265625,0.724,0.824,3743352
24,2010,soy,270,0.751984375,0.7,0.796,3743352
25,2010,soy,277,0.72403662109375,0.676,0.764,3743352
26,2010,soy,284,0.70341552734375,0.66,0.736,3743352
27,2010,soy,291,0.6833239135742187,0.644,0.712,3743352
28,2010,soy,298,0.6718773803710938,0.636,0.708,3743352
29,2010,soy,305,0.6876715698242187,0.652,0.716,3743352
0,2010,wheat,102,0.7648753662109375,0.704,0.824,1050103
1,2010,wheat,109,0.7867540893554688,0.72,0.856,1050103
2,2010,wheat,116,0.8145625610351562,0.76,0.88,1050103
3,2010,wheat,123,0.8336962890625,0.784,0.896,1050103
4,2010,wheat,130,0.7941995239257813,0.744,0.86,1050103
5,2010,wheat,137,0.828688720703125,0.78,0.884,1050103
6,2010,wheat,144,0.8394430541992187,0.8,0.888,1050103
7,2010,wheat,151,0.8183298950195312,0.772,0.868,1050103
8,2010,wheat,158,0.7775569458007813,0.72,0.832,1050103
9,2010,wheat,165,0.7980110473632812,0.74,0.852,1050103
10,2010,wheat,172,0.7783185424804687,0.72,0.832,1050103
11,2010,wheat,179,0.7708081665039063,0.708,0.832,1050103
12,2010,wheat,186,0.7667095336914063,0.704,0.824,1050103
13,2010,wheat,193,0.77674462890625,0.712,0.84,1050103
14,2010,wheat,200,0.7626502685546875,0.696,0.828,1050103
15,2010,wheat,207,0.7699905395507812,0.704,0.832,1050103
16,2010,wheat,214,0.7662313232421875,0.696,0.828,1050103
17,2010,wheat,221,0.764751953125,0.704,0.816,1050103
18,2010,wheat,228,0.764519287109375,0.7,0.82,1050103
19,2010,wheat,235,0.76089599609375,0.7,0.816,1050103
20,2010,wheat,242,0.7472362670898437,0.684,0.804,1050103
21,2010,wheat,249,0.7283920288085938,0.672,0.772,1050103
22,2010,wheat,256,0.7235025634765625,0.668,0.772,1050103
23,2010,wheat,263,0.7184285278320313,0.668,0.76,1050103
24,2010,wheat,270,0.7154446411132812,0.668,0.756,1050103
25,2010,wheat,277,0.7063735961914063,0.664,0.736,1050103
26,2010,wheat,284,0.7076083984375,0.664,0.74,1050103
27,2010,wheat,291,0.7041239013671875,0.66,0.74,1050103
28,2010,wheat,298,0.7049821166992187,0.656,0.744,1050103
29,2010,wheat,305,0.7128012084960937,0.656,0.76,1050103
0,2011,corn,101,0.6782868041992187,0.64,0.704,4737932
1,2011,corn,108,0.622990478515625,0.576,0.66,4737932
2,2011,corn,115,0.6777137451171875,0.632,0.708,4737932
3,2011,corn,122,0.6951283569335938,0.644,0.732,4737932
4,2011,corn,129,0.6969451904296875,0.644,0.74,4737932
5,2011,corn,136,0.7134124145507813,0.656,0.76,4737932
6,2011,corn,143,0.7124229125976562,0.656,0.76,4737932
7,2011,corn,150,0.7542550659179688,0.7,0.8,4737932
8,2011,corn,157,0.7651456909179688,0.716,0.808,4737932
9,2011,corn,164,0.7755404663085937,0.724,0.828,4737932
10,2011,corn,171,0.8041151123046875,0.752,0.864,4737932
11,2011,corn,178,0.8802625122070312,0.852,0.924,4737932
12,2011,corn,185,0.91005859375,0.888,0.948,4737932
13,2011,corn,192,0.9204931640625,0.904,0.952,4737932
14,2011,corn,199,0.9271015014648437,0.912,0.956,4737932
15,2011,corn,206,0.933247314453125,0.924,0.96,4737932
16,2011,corn,213,0.92674853515625,0.916,0.956,4737932
17,2011,corn,220,0.9332222290039063,0.924,0.96,4737932
18,2011,corn,227,0.9283973999023437,0.916,0.956,4737932
19,2011,corn,234,0.922290771484375,0.912,0.948,4737932
20,2011,corn,241,0.9117200927734375,0.896,0.944,4737932
21,2011,corn,248,0.8712965087890625,0.844,0.924,4737932
22,2011,corn,255,0.8535678100585937,0.82,0.9,4737932
23,2011,corn,262,0.7913978271484375,0.748,0.84,4737932
24,2011,corn,269,0.765150146484375,0.716,0.808,4737932
25,2011,corn,276,0.7454533081054687,0.692,0.788,4737932
26,2011,corn,283,0.7097066650390625,0.668,0.744,4737932
27,2011,corn,290,0.6967020263671875,0.652,0.728,4737932
28,2011,corn,297,0.6850855712890624,0.64,0.716,4737932
29,2011,corn,304,0.68489697265625,0.644,0.712,4737932
0,2011,soy,101,0.6818186645507812,0.64,0.712,3648366
1,2011,soy,108,0.6284449462890624,0.58,0.668,3648366
2,2011,soy,115,0.6788343505859376,0.632,0.716,3648366
3,2011,soy,122,0.6995484619140625,0.644,0.744,3648366
4,2011,soy,129,0.6990567626953125,0.644,0.744,3648366
5,2011,soy,136,0.715316650390625,0.656,0.764,3648366
6,2011,soy,143,0.7150143432617188,0.656,0.764,3648366
7,2011,soy,150,0.7566898193359375,0.7,0.804,3648366
8,2011,soy,157,0.7621394653320313,0.708,0.808,3648366
9,2011,soy,164,0.7574454345703125,0.708,0.808,3648366
10,2011,soy,171,0.778728271484375,0.724,0.836,3648366
11,2011,soy,178,0.8513202514648438,0.812,0.9,3648366
12,2011,soy,185,0.883451416015625,0.848,0.928,3648366
13,2011,soy,192,0.900330810546875,0.872,0.944,3648366
14,2011,soy,199,0.9153248901367188,0.892,0.952,3648366
15,2011,soy,206,0.9299297485351562,0.916,0.96,3648366
16,2011,soy,213,0.9272360229492187,0.912,0.96,3648366
17,2011,soy,220,0.9384734497070313,0.928,0.964,3648366
18,2011,soy,227,0.9361539306640625,0.924,0.96,3648366
19,2011,soy,234,0.9342113037109375,0.924,0.956,3648366
20,2011,soy,241,0.9275097045898437,0.912,0.956,3648366
21,2011,soy,248,0.8857633666992187,0.868,0.936,3648366
22,2011,soy,255,0.867720458984375,0.832,0.912,3648366
23,2011,soy,262,0.805009521484375,0.76,0.852,3648366
24,2011,soy,269,0.7693208618164062,0.724,0.812,3648366
25,2011,soy,276,0.74608837890625,0.692,0.796,3648366
26,2011,soy,283,0.7123062133789062,0.668,0.748,3648366
27,2011,soy,290,0.6983047485351562,0.656,0.732,3648366
28,2011,soy,297,0.6840701904296875,0.64,0.716,3648366
29,2011,soy,304,0.6878857421875,0.644,0.72,3648366
0,2011,wheat,101,0.74618896484375,0.672,0.812,1117506
1,2011,wheat,108,0.7303441772460938,0.66,0.796,1117506
2,2011,wheat,115,0.7517176513671875,0.684,0.82,1117506
3,2011,wheat,122,0.7768272094726563,0.716,0.84,1117506
4,2011,wheat,129,0.7706263427734374,0.72,0.824,1117506
5,2011,wheat,136,0.7831607666015625,0.728,0.844,1117506
6,2011,wheat,143,0.7829484252929687,0.724,0.844,1117506
7,2011,wheat,150,0.7928560180664063,0.724,0.864,1117506
8,2011,wheat,157,0.776093017578125,0.7,0.852,1117506
9,2011,wheat,164,0.7623724975585937,0.688,0.832,1117506
10,2011,wheat,171,0.7507186889648437,0.672,0.824,1117506
11,2011,wheat,178,0.758498291015625,0.684,0.828,1117506
12,2011,wheat,185,0.7545096435546875,0.672,0.832,1117506
13,2011,wheat,192,0.7510364990234375,0.668,0.828,1117506
14,2011,wheat,199,0.7437023315429687,0.664,0.816,1117506
15,2011,wheat,206,0.7506224975585938,0.668,0.828,1117506
16,2011,wheat,213,0.7500325317382812,0.672,0.82,1117506
17,2011,wheat,220,0.7617371826171875,0.68,0.84,1117506
18,2011,wheat,227,0.763668701171875,0.684,0.84,1117506
19,2011,wheat,234,0.7701233520507812,0.692,0.848,1117506
20,2011,wheat,241,0.7600755615234375,0.68,0.828,1117506
21,2011,wheat,248,0.730372802734375,0.66,0.788,1117506
22,2011,wheat,255,0.71933056640625,0.652,0.764,1117506
23,2011,wheat,262,0.7165903930664063,0.66,0.76,1117506
24,2011,wheat,269,0.7102821655273438,0.66,0.748,1117506
25,2011,wheat,276,0.7034193115234375,0.652,0.74,1117506
26,2011,wheat,283,0.6937716674804687,0.644,0.732,1117506
27,2011,wheat,290,0.7093451538085938,0.664,0.744,1117506
28,2011,wheat,297,0.7008798217773438,0.656,0.74,1117506
29,2011,wheat,304,0.7041378784179687,0.664,0.736,1117506
0,2012,corn,100,0.6966721801757813,0.648,0.732,4972922
1,2012,corn,107,0.707734375,0.656,0.752,4972922
2,2012,corn,114,0.71251318359375,0.66,0.756,4972922
3,2012,corn,121,0.7173711547851562,0.668,0.76,4972922
4,2012,corn,128,0.7332512817382812,0.676,0.78,4972922
5,2012,corn,135,0.7440187377929688,0.688,0.792,4972922
6,2012,corn,142,0.7498214721679688,0.696,0.796,4972922
7,2012,corn,149,0.7746070556640625,0.72,0.824,4972922
8,2012,corn,156,0.8188558349609375,0.776,0.868,4972922
9,2012,corn,163,0.843726318359375,0.8,0.892,4972922
10,2012,corn,170,0.8924986572265625,0.864,0.936,4972922
11,2012,corn,177,0.9120463256835938,0.892,0.948,4972922
12,2012,corn,184,0.9231181640625,0.9,0.964,4972922
13,2012,corn,191,0.921908203125,0.904,0.96,4972922
14,2012,corn,198,0.9178195190429688,0.9,0.952,4972922
15,2012,corn,205,0.9095104370117187,0.888,0.948,4972922
16,2012,corn,212,0.9152685546875,0.892,0.956,4972922
17,2012,corn,219,0.9072630004882812,0.884,0.948,4972922
18,2012,corn,226,0.8979464721679687,0.872,0.94,4972922
19,2012,corn,233,0.8935816040039063,0.864,0.94,4972922
20,2012,corn,240,0.8728489990234375,0.836,0.924,4972922
21,2012,corn,247,0.8454685668945312,0.804,0.896,4972922
22,2012,corn,254,0.8111177368164062,0.756,0.872,4972922
23,2012,corn,261,0.7684484252929688,0.712,0.82,4972922
24,2012,corn,268,0.742185302734375,0.688,0.788,4972922
25,2012,corn,275,0.7106874389648438,0.664,0.744,4972922
26,2012,corn,282,0.7035471801757812,0.656,0.736,4972922
27,2012,corn,289,0.6938426513671875,0.644,0.728,4972922
28,2012,corn,296,0.68381201171875,0.628,0.728,4972922
29,2012,corn,303,0.6831455078125,0.64,0.716,4972922
30,2012,corn,310,0.6800579833984375,0.636,0.716,4972922
0,2012,soy,100,0.6998765258789063,0.644,0.74,3596555
1,2012,soy,107,0.707045166015625,0.652,0.756,3596555
2,2012,soy,114,0.7125494384765625,0.656,0.756,3596555
3,2012,soy,121,0.7183270263671875,0.664,0.764,3596555
4,2012,soy,128,0.7354966430664063,0.676,0.784,3596555
5,2012,soy,135,0.7434916381835938,0.688,0.792,3596555
6,2012,soy,142,0.7386657104492188,0.688,0.784,3596555
7,2012,soy,149,0.7596696166992187,0.708,0.804,3596555
8,2012,soy,156,0.7936751708984375,0.748,0.836,3596555
9,2012,soy,163,0.8116129760742188,0.768,0.856,3596555
10,2012,soy,170,0.8654016723632812,0.832,0.908,3596555
11,2012,soy,177,0.8921983642578125,0.864,0.928,3596555
12,2012,soy,184,0.9132221069335937,0.884,0.952,3596555
13,2012,soy,191,0.9188206176757813,0.896,0.956,3596555
14,2012,soy,198,0.9221279907226563,0.9,0.956,3596555
15,2012,soy,205,0.9208360595703124,0.9,0.956,3596555
16,2012,soy,212,0.928337158203125,0.908,0.964,3596555
17,2012,soy,219,0.9255748901367188,0.904,0.96,3596555
18,2012,soy,226,0.921675048828125,0.904,0.956,3596555
19,2012,soy,233,0.9172000732421876,0.896,0.952,3596555
20,2012,soy,240,0.9003056640625,0.872,0.94,3596555
21,2012,soy,247,0.8691242065429687,0.828,0.916,3596555
22,2012,soy,254,0.8289645385742187,0.768,0.892,3596555
23,2012,soy,261,0.78097021484375,0.72,0.84,3596555
24,2012,soy,268,0.74937255859375,0.692,0.8,3596555
25,2012,soy,275,0.7145159301757813,0.66,0.756,3596555
26,2012,soy,282,0.7121768798828125,0.66,0.752,3596555
27,2012,soy,289,0.6971083984375,0.648,0.736,3596555
28,2012,soy,296,0.6838736572265625,0.628,0.732,3596555
29,2012,soy,303,0.6831097412109375,0.644,0.724,3596555
30,2012,soy,310,0.6835049438476563,0.636,0.728,3596555
0,2012,wheat,100,0.8020974731445313,0.724,0.888,1092203
1,2012,wheat,107,0.8379183959960937,0.78,0.912,1092203
2,2012,wheat,114,0.8457601318359375,0.792,0.908,1092203
3,2012,wheat,121,0.8404923095703125,0.796,0.896,1092203
4,2012,wheat,128,0.8299425048828125,0.784,0.884,1092203
5,2012,wheat,135,0.8189595336914063,0.772,0.868,1092203
6,2012,wheat,142,0.7765704345703125,0.724,0.824,1092203
7,2012,wheat,149,0.7604352416992187,0.7,0.804,1092203
8,2012,wheat,156,0.7381862182617187,0.676,0.78,1092203
9,2012,wheat,163,0.7285421752929687,0.668,0.768,1092203
10,2012,wheat,170,0.7334072875976563,0.668,0.784,1092203
11,2012,wheat,177,0.7350819702148438,0.664,0.788,1092203
12,2012,wheat,184,0.7231226196289062,0.656,0.772,1092203
13,2012,wheat,191,0.7210317993164063,0.652,0.772,1092203
14,2012,wheat,198,0.7234972534179688,0.66,0.772,1092203
15,2012,wheat,205,0.7175415649414062,0.656,0.76,1092203
16,2012,wheat,212,0.7202794799804687,0.656,0.764,1092203
17,2012,wheat,219,0.7265215454101562,0.664,0.772,1092203
18,2012,wheat,226,0.7229373168945312,0.66,0.764,1092203
19,2012,wheat,233,0.7179356079101562,0.652,0.76,1092203
20,2012,wheat,240,0.722992431640625,0.656,0.772,1092203
21,2012,wheat,247,0.7135509643554687,0.648,0.76,1092203
22,2012,wheat,254,0.7050452880859375,0.644,0.744,1092203
23,2012,wheat,261,0.7082584838867187,0.652,0.752,1092203
24,2012,wheat,268,0.67759814453125,0.628,0.708,1092203
25,2012,wheat,275,0.687217041015625,0.644,0.716,1092203
26,2012,wheat,282,0.68831787109375,0.644,0.72,1092203
27,2012,wheat,289,0.6838358154296875,0.64,0.712,1092203
28,2012,wheat,296,0.672412353515625,0.632,0.7,1092203
29,2012,wheat,303,0.6790084228515625,0.636,0.716,1092203
30,2012,wheat,310,0.6911458129882813,0.636,0.736,1092203
0,2013,corn,105,0.63502001953125,0.576,0.68,4844439
1,2013,corn,112,0.6750424194335938,0.636,0.704,4844439
2,2013,corn,119,0.68565234375,0.636,0.72,4844439
3,2013,corn,126,0.7076876220703125,0.656,0.744,4844439
4,2013,corn,133,0.708341796875,0.652,0.748,4844439
5,2013,corn,140,0.7274376831054687,0.672,0.776,4844439
6,2013,corn,147,0.7147171630859375,0.656,0.764,4844439
7,2013,corn,154,0.7302055053710937,0.676,0.788,4844439
8,2013,corn,161,0.7799747924804687,0.72,0.836,4844439
9,2013,corn,168,0.8126954345703125,0.76,0.868,4844439
10,2013,corn,175,0.8617407836914063,0.824,0.912,4844439
11,2013,corn,182,0.8833822021484375,0.852,0.932,4844439
12,2013,corn,189,0.9251041870117187,0.908,0.96,4844439
13,2013,corn,196,0.9354004516601563,0.92,0.968,4844439
14,2013,corn,203,0.9342916259765625,0.92,0.964,4844439
15,2013,corn,210,0.9279766845703125,0.912,0.964,4844439
16,2013,corn,217,0.9360797119140625,0.924,0.968,4844439
17,2013,corn,224,0.943005126953125,0.932,0.968,4844439
18,2013,corn,231,0.9452777099609375,0.932,0.968,4844439
19,2013,corn,238,0.933213623046875,0.92,0.964,4844439
20,2013,corn,245,0.9206830444335937,0.904,0.952,4844439
21,2013,corn,252,0.8847042846679688,0.86,0.928,4844439
22,2013,corn,259,0.8531964111328125,0.816,0.896,4844439
23,2013,corn,266,0.826114501953125,0.784,0.872,4844439
24,2013,corn,273,0.7661451416015626,0.724,0.812,4844439
25,2013,corn,280,0.7691263427734375,0.724,0.808,4844439
26,2013,corn,287,0.71795361328125,0.672,0.756,4844439
27,2013,corn,294,0.711202392578125,0.668,0.744,4844439
28,2013,corn,301,0.6834388427734375,0.644,0.712,4844439
29,2013,corn,308,0.682579345703125,0.644,0.72,4844439
0,2013,soy,105,0.64001708984375,0.544,0.696,3621336
1,2013,soy,112,0.6813999633789063,0.636,0.724,3621336
2,2013,soy,119,0.6949348754882813,0.636,0.744,3621336
3,2013,soy,126,0.71380078125,0.656,0.76,3621336
4,2013,soy,133,0.713561767578125,0.648,0.764,3621336
5,2013,soy,140,0.7282401123046875,0.668,0.78,3621336
6,2013,soy,147,0.7121544189453125,0.652,0.764,3621336
7,2013,soy,154,0.732056396484375,0.676,0.792,3621336
8,2013,soy,161,0.7725252075195312,0.712,0.828,3621336
9,2013,soy,168,0.7959578857421875,0.74,0.848,3621336
10,2013,soy,175,0.8364363403320313,0.792,0.888,3621336
11,2013,soy,182,0.85733251953125,0.816,0.912,3621336
12,2013,soy,189,0.908173583984375,0.88,0.948,3621336
13,2013,soy,196,0.917254150390625,0.892,0.956,3621336
14,2013,soy,203,0.9262939453125,0.908,0.96,3621336
15,2013,soy,210,0.92402099609375,0.904,0.964,3621336
16,2013,soy,217,0.9362772216796875,0.924,0.972,3621336
17,2013,soy,224,0.9483636474609375,0.936,0.972,3621336
18,2013,soy,231,0.9522713012695313,0.94,0.972,3621336
19,2013,soy,238,0.9419962768554687,0.928,0.968,3621336
20,2013,soy,245,0.9335799560546875,0.916,0.96,3621336
21,2013,soy,252,0.8968076171875,0.868,0.936,3621336
22,2013,soy,259,0.860174560546875,0.82,0.904,3621336
23,2013,soy,266,0.8241238403320312,0.78,0.872,3621336
24,2013,soy,273,0.7575863647460938,0.712,0.804,3621336
25,2013,soy,280,0.7635010375976562,0.716,0.804,3621336
26,2013,soy,287,0.7180653076171875,0.668,0.76,3621336
27,2013,soy,294,0.7103001708984376,0.664,0.744,3621336
28,2013,soy,301,0.6819738159179688,0.64,0.712,3621336
29,2013,soy,308,0.6851752319335938,0.644,0.724,3621336
0,2013,wheat,105,0.720851806640625,0.636,0.808,1089450
1,2013,wheat,112,0.746696533203125,0.656,0.836,1089450
2,2013,wheat,119,0.7661170654296875,0.68,0.852,1089450
3,2013,wheat,126,0.7861983642578125,0.696,0.876,1089450
4,2013,wheat,133,0.7978744506835938,0.72,0.88,1089450
5,2013,wheat,140,0.8035626831054687,0.732,0.884,1089450
6,2013,wheat,147,0.787078857421875,0.72,0.856,1089450
7,2013,wheat,154,0.7893923950195313,0.724,0.856,1089450
8,2013,wheat,161,0.78024365234375,0.716,0.844,1089450
9,2013,wheat,168,0.759259765625,0.692,0.82,1089450
10,2013,wheat,175,0.7485241088867187,0.684,0.808,1089450
11,2013,wheat,182,0.7446260986328125,0.676,0.8,1089450
12,2013,wheat,189,0.7510211181640625,0.676,0.812,1089450
13,2013,wheat,196,0.751586669921875,0.68,0.812,1089450
14,2013,wheat,203,0.7445801391601562,0.664,0.816,1089450
15,2013,wheat,210,0.7738849487304688,0.7,0.844,1089450
16,2013,wheat,217,0.7895560302734375,0.712,0.868,1089450
17,2013,wheat,224,0.8118743896484375,0.744,0.884,1089450
18,2013,wheat,231,0.8158560180664063,0.752,0.884,1089450
19,2013,wheat,238,0.7874490356445313,0.72,0.852,1089450
20,2013,wheat,245,0.7711666870117188,0.7,0.836,1089450
21,2013,wheat,252,0.7324199829101562,0.66,0.796,1089450
22,2013,wheat,259,0.744916748046875,0.688,0.792,1089450
23,2013,wheat,266,0.7487493896484375,0.692,0.796,1089450
24,2013,wheat,273,0.7309319458007812,0.68,0.772,1089450
25,2013,wheat,280,0.7396627197265625,0.692,0.78,1089450
26,2013,wheat,287,0.7252886352539063,0.68,0.764,1089450
27,2013,wheat,294,0.7271285400390625,0.684,0.76,1089450
28,2013,wheat,301,0.721378662109375,0.68,0.752,1089450
29,2013,wheat,308,0.7229928588867187,0.68,0.756,1089450
0,2014,corn,104,0.6660432739257812,0.636,0.684,4578408
1,2014,corn,111,0.670969482421875,0.636,0.692,4578408
2,2014,corn,118,0.66881591796875,0.632,0.696,4578408
3,2014,corn,125,0.6949776611328125,0.648,0.728,4578408
4,2014,corn,132,0.7008310546875,0.652,0.736,4578408
5,2014,corn,139,0.7171511840820313,0.664,0.756,4578408
6,2014,corn,146,0.73981494140625,0.684,0.784,4578408
7,2014,corn,153,0.7651825561523438,0.716,0.812,4578408
8,2014,corn,160,0.8076956176757812,0.752,0.864,4578408
9,2014,corn,167,0.8445474243164063,0.8,0.896,4578408
10,2014,corn,174,0.870982177734375,0.836,0.92,4578408
11,2014,corn,181,0.9096703491210938,0.884,0.948,4578408
12,2014,corn,188,0.9329409790039063,0.916,0.964,4578408
13,2014,corn,195,0.9299225463867188,0.912,0.96,4578408
14,2014,corn,202,0.942673828125,0.928,0.968,4578408
15,2014,corn,209,0.9446342163085938,0.932,0.968,4578408
16,2014,corn,216,0.8890045776367187,0.848,0.956,4578408
17,2014,corn,223,0.9445015869140625,0.936,0.968,4578408
18,2014,corn,230,0.9251731567382813,0.912,0.96,4578408
19,2014,corn,237,0.9268090209960937,0.916,0.96,4578408
20,2014,corn,244,0.924161376953125,0.912,0.952,4578408
21,2014,corn,251,0.889056884765625,0.868,0.928,4578408
22,2014,corn,258,0.8758079833984375,0.848,0.912,4578408
23,2014,corn,265,0.8325392456054688,0.796,0.872,4578408
24,2014,corn,272,0.7596314697265625,0.712,0.808,4578408
25,2014,corn,279,0.753844482421875,0.708,0.792,4578408
26,2014,corn,286,0.7191820678710937,0.68,0.76,4578408
27,2014,corn,293,0.7282811889648437,0.688,0.76,4578408
28,2014,corn,300,0.7052477416992188,0.66,0.736,4578408
29,2014,corn,307,0.6894725341796875,0.652,0.724,4578408
0,2014,soy,104,0.6676904907226563,0.636,0.684,3991429
1,2014,soy,111,0.6702867431640624,0.632,0.692,3991429
2,2014,soy,118,0.669537353515625,0.628,0.696,3991429
3,2014,soy,125,0.6956551513671875,0.644,0.732,3991429
4,2014,soy,132,0.69989990234375,0.648,0.74,3991429
5,2014,soy,139,0.7155429077148437,0.66,0.756,3991429
6,2014,soy,146,0.7333685302734375,0.68,0.776,3991429
7,2014,soy,153,0.7494061889648438,0.7,0.796,3991429
8,2014,soy,160,0.7826297607421875,0.728,0.836,3991429
9,2014,soy,167,0.8105524291992188,0.76,0.864,3991429
10,2014,soy,174,0.8235670776367188,0.776,0.884,3991429
11,2014,soy,181,0.8787979125976563,0.84,0.928,3991429
12,2014,soy,188,0.90860498046875,0.88,0.948,3991429
13,2014,soy,195,0.9124746704101563,0.884,0.952,3991429
14,2014,soy,202,0.931720458984375,0.908,0.964,3991429
15,2014,soy,209,0.9434996337890625,0.928,0.968,3991429
16,2014,soy,216,0.8916288452148438,0.852,0.956,3991429
17,2014,soy,223,0.9492914428710938,0.936,0.972,3991429
18,2014,soy,230,0.93313525390625,0.92,0.968,3991429
19,2014,soy,237,0.9356384887695313,0.924,0.968,3991429
20,2014,soy,244,0.9375653076171875,0.924,0.96,3991429
21,2014,soy,251,0.9050460205078125,0.888,0.94,3991429
22,2014,soy,258,0.8868496704101563,0.86,0.92,3991429
23,2014,soy,265,0.8354627685546875,0.796,0.876,3991429
24,2014,soy,272,0.759123779296875,0.708,0.808,3991429
25,2014,soy,279,0.7502589721679688,0.704,0.792,3991429
26,2014,soy,286,0.7181712646484375,0.676,0.76,3991429
27,2014,soy,293,0.724771728515625,0.68,0.76,3991429
28,2014,soy,300,0.701216552734375,0.656,0.732,3991429
29,2014,soy,307,0.687408935546875,0.648,0.728,3991429
0,2014,wheat,104,0.7337019653320312,0.672,0.788,1079155
1,2014,wheat,111,0.7554382934570313,0.7,0.812,1079155
2,2014,wheat,118,0.7554909057617187,0.696,0.812,1079155
3,2014,wheat,125,0.7659453125,0.708,0.824,1079155
4,2014,wheat,132,0.7518265380859375,0.696,0.804,1079155
5,2014,wheat,139,0.769785400390625,0.716,0.824,1079155
6,2014,wheat,146,0.7837083740234375,0.712,0.852,1079155
7,2014,wheat,153,0.7725236206054688,0.7,0.84,1079155
8,2014,wheat,160,0.7822745971679688,0.716,0.848,1079155
9,2014,wheat,167,0.7770578002929688,0.712,0.836,1079155
10,2014,wheat,174,0.7622963256835937,0.696,0.824,1079155
11,2014,wheat,181,0.7917996215820312,0.728,0.856,1079155
12,2014,wheat,188,0.780264892578125,0.708,0.848,1079155
13,2014,wheat,195,0.7794674682617188,0.712,0.844,1079155
14,2014,wheat,202,0.775412841796875,0.704,0.844,1079155
15,2014,wheat,209,0.776929931640625,0.708,0.844,1079155
16,2014,wheat,216,0.7757787475585938,0.708,0.836,1079155
17,2014,wheat,223,0.7770983276367187,0.708,0.84,1079155
18,2014,wheat,230,0.7692213745117188,0.704,0.828,1079155
19,2014,wheat,237,0.7730301513671874,0.708,0.828,1079155
20,2014,wheat,244,0.770342041015625,0.704,0.832,1079155
21,2014,wheat,251,0.7550224609375,0.688,0.812,1079155
22,2014,wheat,258,0.7567081909179687,0.688,0.82,1079155
23,2014,wheat,265,0.7554237060546874,0.696,0.804,1079155
24,2014,wheat,272,0.7365086059570313,0.688,0.78,1079155
25,2014,wheat,279,0.713274658203125,0.66,0.752,1079155
26,2014,wheat,286,0.7271688842773437,0.684,0.764,1079155
27,2014,wheat,293,0.7335097045898438,0.684,0.776,1079155
28,2014,wheat,300,0.7399453125,0.684,0.788,1079155
29,2014,wheat,307,0.7486845092773438,0.688,0.8,1079155
0,2015,corn,103,0.6681674194335937,0.64,0.688,4592639
1,2015,corn,110,0.699946044921875,0.656,0.728,4592639
2,2015,corn,117,0.7095607299804687,0.664,0.744,4592639
3,2015,corn,124,0.6850913696289063,0.64,0.724,4592639
4,2015,corn,131,0.7130809326171875,0.66,0.752,4592639
5,2015,corn,138,0.7261427612304687,0.668,0.772,4592639
6,2015,corn,145,0.7358258666992188,0.68,0.78,4592639
7,2015,corn,152,0.7526023559570313,0.696,0.804,4592639
8,2015,corn,159,0.8021132202148438,0.752,0.852,4592639
9,2015,corn,166,0.8307154541015624,0.784,0.888,4592639
10,2015,corn,173,0.8886306762695313,0.856,0.932,4592639
11,2015,corn,180,0.9060420532226563,0.88,0.944,4592639
12,2015,corn,187,0.9079197998046875,0.884,0.956,4592639
13,2015,corn,194,0.9411190185546875,0.928,0.972,4592639
14,2015,corn,201,0.94579443359375,0.932,0.972,4592639
15,2015,corn,208,0.9527928466796876,0.944,0.976,4592639
16,2015,corn,215,0.939480224609375,0.928,0.964,4592639
17,2015,corn,222,0.9537780151367188,0.944,0.976,4592639
18,2015,corn,229,0.9414783325195313,0.928,0.968,4592639
19,2015,corn,236,0.9278655395507812,0.912,0.96,4592639
20,2015,corn,243,0.9160360107421875,0.896,0.948,4592639
21,2015,corn,250,0.8782698974609375,0.844,0.924,4592639
22,2015,corn,257,0.850366943359375,0.816,0.896,4592639
23,2015,corn,264,0.802416015625,0.756,0.848,4592639
24,2015,corn,271,0.755439208984375,0.708,0.804,4592639
25,2015,corn,278,0.741798583984375,0.692,0.78,4592639
26,2015,corn,285,0.732767578125,0.688,0.768,4592639
27,2015,corn,292,0.7071282958984375,0.668,0.736,4592639
28,2015,corn,299,0.6864341430664063,0.648,0.716,4592639
29,2015,corn,306,0.7125123901367187,0.664,0.748,4592639
0,2015,soy,103,0.6639320068359374,0.636,0.684,3989632
1,2015,soy,110,0.698860107421875,0.652,0.732,3989632
2,2015,soy,117,0.7079478759765625,0.66,0.744,3989632
3,2015,soy,124,0.6853699951171875,0.636,0.72,3989632
4,2015,soy,131,0.7109606323242188,0.652,0.756,3989632
5,2015,soy,138,0.7251376953125,0.668,0.768,3989632
6,2015,soy,145,0.727110595703125,0.672,0.768,3989632
7,2015,soy,152,0.7433244018554688,0.688,0.792,3989632
8,2015,soy,159,0.785611572265625,0.736,0.832,3989632
9,2015,soy,166,0.7976387939453125,0.748,0.852,3989632
10,2015,soy,173,0.8530302734375,0.808,0.904,3989632
11,2015,soy,180,0.8755393676757812,0.84,0.92,3989632
12,2015,soy,187,0.8868953247070313,0.852,0.94,3989632
13,2015,soy,194,0.9248544921875,0.9,0.964,3989632
14,2015,soy,201,0.93708447265625,0.92,0.968,3989632
15,2015,soy,208,0.9507149047851563,0.936,0.976,3989632
16,2015,soy,215,0.9414971923828125,0.928,0.968,3989632
17,2015,soy,222,0.9577386474609375,0.948,0.98,3989632
18,2015,soy,229,0.9485947875976563,0.936,0.976,3989632
19,2015,soy,236,0.9385947875976562,0.928,0.968,3989632
20,2015,soy,243,0.9258193359375,0.908,0.956,3989632
21,2015,soy,250,0.8902308349609375,0.856,0.936,3989632
22,2015,soy,257,0.8568616943359375,0.816,0.908,3989632
23,2015,soy,264,0.8038206787109375,0.752,0.856,3989632
24,2015,soy,271,0.7549825439453125,0.704,0.8,3989632
25,2015,soy,278,0.7375467529296875,0.684,0.78,3989632
26,2015,soy,285,0.7264520874023438,0.68,0.76,3989632
27,2015,soy,292,0.7068430786132812,0.668,0.736,3989632
28,2015,soy,299,0.6834364013671875,0.644,0.716,3989632
29,2015,soy,306,0.7157613525390625,0.668,0.752,3989632
0,2015,wheat,103,0.7550680541992187,0.684,0.82,1082815
1,2015,wheat,110,0.787728759765625,0.72,0.856,1082815
2,2015,wheat,117,0.8106013793945313,0.744,0.876,1082815
3,2015,wheat,124,0.7641940307617188,0.692,0.84,1082815
4,2015,wheat,131,0.8315153198242188,0.776,0.896,1082815
5,2015,wheat,138,0.7975040283203125,0.744,0.86,1082815
6,2015,wheat,145,0.825495361328125,0.78,0.876,1082815
7,2015,wheat,152,0.8210463256835937,0.776,0.868,1082815
8,2015,wheat,159,0.8037483520507812,0.748,0.856,1082815
9,2015,wheat,166,0.78886328125,0.732,0.84,1082815
10,2015,wheat,173,0.7860593872070313,0.732,0.836,1082815
11,2015,wheat,180,0.7708120727539063,0.712,0.82,1082815
12,2015,wheat,187,0.7533560791015625,0.688,0.808,1082815
13,2015,wheat,194,0.7789945068359375,0.72,0.832,1082815
14,2015,wheat,201,0.7862745971679688,0.724,0.844,1082815
15,2015,wheat,208,0.7931381225585937,0.732,0.852,1082815
16,2015,wheat,215,0.7873363037109375,0.72,0.852,1082815
17,2015,wheat,222,0.79483935546875,0.724,0.86,1082815
18,2015,wheat,229,0.7928659057617188,0.724,0.86,1082815
19,2015,wheat,236,0.78866357421875,0.732,0.844,1082815
20,2015,wheat,243,0.7657426147460937,0.7,0.824,1082815
21,2015,wheat,250,0.755201171875,0.696,0.808,1082815
22,2015,wheat,257,0.7441656494140625,0.684,0.792,1082815
23,2015,wheat,264,0.7325160522460937,0.68,0.772,1082815
24,2015,wheat,271,0.69711962890625,0.636,0.752,1082815
25,2015,wheat,278,0.7232593383789062,0.672,0.764,1082815
26,2015,wheat,285,0.7242816772460937,0.676,0.76,1082815
27,2015,wheat,292,0.707223388671875,0.66,0.74,1082815
28,2015,wheat,299,0.7301890869140625,0.68,0.772,1082815
29,2015,wheat,306,0.7446927490234375,0.688,0.792,1082815
0,2016,corn,102,0.693765869140625,0.648,0.724,4849045
1,2016,corn,109,0.699724609375,0.652,0.74,4849045
2,2016,corn,116,0.6737860107421875,0.628,0.72,4849045
3,2016,corn,123,0.7286250610351562,0.672,0.776,4849045
4,2016,corn,130,0.7227888793945313,0.664,0.772,4849045
5,2016,corn,137,0.732916748046875,0.676,0.784,4849045
6,2016,corn,144,0.7535103149414063,0.696,0.804,4849045
7,2016,corn,151,0.770118408203125,0.708,0.824,4849045
8,2016,corn,158,0.8017672119140625,0.748,0.852,4849045
9,2016,corn,165,0.8570827026367187,0.816,0.908,4849045
10,2016,corn,172,0.8901443481445312,0.856,0.936,4849045
11,2016,corn,179,0.9083345947265625,0.88,0.952,4849045
12,2016,corn,186,0.9272529296875,0.908,0.964,4849045
13,2016,corn,193,0.9368538208007813,0.924,0.964,4849045
14,2016,corn,200,0.9420592041015625,0.932,0.968,4849045
15,2016,corn,207,0.9418737182617187,0.928,0.968,4849045
16,2016,corn,214,0.9418358764648438,0.928,0.968,4849045
17,2016,corn,221,0.9420899658203125,0.932,0.968,4849045
18,2016,corn,228,0.9321431274414063,0.92,0.964,4849045
19,2016,corn,235,0.9278848266601563,0.916,0.956,4849045
20,2016,corn,242,0.9202182006835937,0.904,0.952,4849045
21,2016,corn,249,0.8960760498046875,0.872,0.932,4849045
22,2016,corn,256,0.8627321166992188,0.832,0.904,4849045
23,2016,corn,263,0.816453369140625,0.772,0.864,4849045
24,2016,corn,270,0.782283935546875,0.736,0.828,4849045
25,2016,corn,277,0.7614020385742187,0.712,0.804,4849045
26,2016,corn,284,0.7298963623046875,0.68,0.768,4849045
27,2016,corn,291,0.72134423828125,0.672,0.76,4849045
28,2016,corn,298,0.6962526245117188,0.652,0.728,4849045
29,2016,corn,305,0.720255859375,0.672,0.756,4849045
0,2016,soy,102,0.6944027099609374,0.644,0.732,4084682
1,2016,soy,109,0.7015582885742188,0.648,0.744,4084682
2,2016,soy,116,0.6791256103515625,0.632,0.728,4084682
3,2016,soy,123,0.7282750854492187,0.668,0.776,4084682
4,2016,soy,130,0.7212340698242188,0.66,0.772,4084682
5,2016,soy,137,0.7367064819335938,0.676,0.788,4084682
6,2016,soy,144,0.7506884155273438,0.692,0.8,4084682
7,2016,soy,151,0.7626515502929687,0.7,0.816,4084682
8,2016,soy,158,0.7883276977539062,0.736,0.84,4084682
9,2016,soy,165,0.8271463012695313,0.78,0.876,4084682
10,2016,soy,172,0.8610543212890625,0.82,0.912,4084682
11,2016,soy,179,0.878515625,0.84,0.924,4084682
12,2016,soy,186,0.9082926635742188,0.88,0.952,4084682
13,2016,soy,193,0.9256466674804688,0.904,0.96,4084682
14,2016,soy,200,0.9413416748046874,0.924,0.968,4084682
15,2016,soy,207,0.9432642822265624,0.928,0.972,4084682
16,2016,soy,214,0.9481714477539063,0.936,0.972,4084682
17,2016,soy,221,0.9494296875,0.936,0.976,4084682
18,2016,soy,228,0.9421345825195313,0.932,0.972,4084682
19,2016,soy,235,0.9438652954101563,0.932,0.968,4084682
20,2016,soy,242,0.9367003173828125,0.924,0.964,4084682
21,2016,soy,249,0.909678955078125,0.888,0.944,4084682
22,2016,soy,256,0.8760338745117188,0.844,0.92,4084682
23,2016,soy,263,0.8281917114257813,0.776,0.88,4084682
24,2016,soy,270,0.7897174072265625,0.74,0.836,4084682
25,2016,soy,277,0.7635289306640625,0.708,0.812,4084682
26,2016,soy,284,0.7320281982421875,0.68,0.776,4084682
27,2016,soy,291,0.7191926879882813,0.668,0.76,4084682
28,2016,soy,298,0.6973762817382813,0.652,0.736,4084682
29,2016,soy,305,0.7211033325195313,0.672,0.76,4084682
0,2016,wheat,102,0.8033627319335938,0.74,0.868,1019406
1,2016,wheat,109,0.8279447021484375,0.764,0.896,1019406
2,2016,wheat,116,0.7992235717773437,0.732,0.872,1019406
3,2016,wheat,123,0.8454091186523438,0.792,0.908,1019406
4,2016,wheat,130,0.8396228637695312,0.788,0.904,1019406
5,2016,wheat,137,0.7969697265625,0.736,0.864,1019406
6,2016,wheat,144,0.8368956909179688,0.788,0.892,1019406
7,2016,wheat,151,0.8268850708007812,0.772,0.884,1019406
8,2016,wheat,158,0.807033447265625,0.752,0.86,1019406
9,2016,wheat,165,0.78642822265625,0.728,0.84,1019406
10,2016,wheat,172,0.764825439453125,0.708,0.816,1019406
11,2016,wheat,179,0.759057861328125,0.7,0.808,1019406
12,2016,wheat,186,0.7759623413085938,0.716,0.832,1019406
13,2016,wheat,193,0.7828695678710937,0.72,0.844,1019406
14,2016,wheat,200,0.7862670288085938,0.72,0.848,1019406
15,2016,wheat,207,0.7897041625976563,0.72,0.856,1019406
16,2016,wheat,214,0.780802490234375,0.712,0.844,1019406
17,2016,wheat,221,0.795298828125,0.728,0.86,1019406
18,2016,wheat,228,0.7913942260742187,0.724,0.856,1019406
19,2016,wheat,235,0.7809156494140626,0.708,0.848,1019406
20,2016,wheat,242,0.7790057373046875,0.708,0.848,1019406
21,2016,wheat,249,0.7817249755859375,0.712,0.848,1019406
22,2016,wheat,256,0.7583754272460937,0.688,0.824,1019406
23,2016,wheat,263,0.7597415771484375,0.696,0.816,1019406
24,2016,wheat,270,0.749698974609375,0.692,0.8,1019406
25,2016,wheat,277,0.7349035034179687,0.68,0.78,1019406
26,2016,wheat,284,0.7271674194335938,0.68,0.764,1019406
27,2016,wheat,291,0.7180213623046875,0.672,0.752,1019406
28,2016,wheat,298,0.7178162841796875,0.668,0.76,1019406
29,2016,wheat,305,0.7195774536132813,0.668,0.76,1019406
0,2017,corn,100,0.69204296875,0.648,0.724,4753645
1,2017,corn,107,0.7057050170898438,0.656,0.744,4753645
2,2017,corn,114,0.665687744140625,0.62,0.712,4753645
3,2017,corn,121,0.7226287841796875,0.668,0.768,4753645
4,2017,corn,128,0.7339602661132812,0.676,0.78,4753645
5,2017,corn,135,0.7035308837890625,0.652,0.756,4753645
6,2017,corn,142,0.738359375,0.676,0.788,4753645
7,2017,corn,149,0.752670166015625,0.688,0.804,4753645
8,2017,corn,156,0.7725962524414063,0.716,0.82,4753645
9,2017,corn,163,0.8097579345703125,0.756,0.864,4753645
10,2017,corn,170,0.8554151611328125,0.812,0.912,4753645
11,2017,corn,177,0.884895751953125,0.852,0.936,4753645
12,2017,corn,184,0.9140693359375,0.896,0.956,4753645
13,2017,corn,191,0.9212042846679688,0.904,0.964,4753645
14,2017,corn,198,0.93403271484375,0.924,0.964,4753645
15,2017,corn,205,0.9390641479492188,0.932,0.968,4753645
16,2017,corn,212,0.9335021362304687,0.92,0.964,4753645
17,2017,corn,219,0.9397357788085937,0.928,0.968,4753645
18,2017,corn,226,0.9415,0.932,0.964,4753645
19,2017,corn,233,0.9366117553710938,0.924,0.96,4753645
20,2017,corn,240,0.9267958984375,0.912,0.956,4753645
21,2017,corn,247,0.910137939453125,0.892,0.94,4753645
22,2017,corn,254,0.8715148315429687,0.844,0.912,4753645
23,2017,corn,261,0.8328828125,0.792,0.88,4753645
24,2017,corn,268,0.7960333251953124,0.748,0.844,4753645
25,2017,corn,275,0.7594685668945312,0.712,0.804,4753645
26,2017,corn,282,0.7349865112304688,0.688,0.776,4753645
27,2017,corn,289,0.7275664672851563,0.68,0.764,4753645
28,2017,corn,296,0.6969605102539063,0.656,0.728,4753645
29,2017,corn,303,0.64182568359375,0.596,0.676,4753645
30,2017,corn,310,0.679230712890625,0.644,0.708,4753645
0,2017,soy,100,0.69430615234375,0.648,0.728,4526680
1,2017,soy,107,0.7066322021484375,0.652,0.752,4526680
2,2017,soy,114,0.676046875,0.628,0.724,4526680
3,2017,soy,121,0.7252640991210938,0.664,0.776,4526680
4,2017,soy,128,0.7361642456054688,0.676,0.788,4526680
5,2017,soy,135,0.7093331298828125,0.652,0.764,4526680
6,2017,soy,142,0.7380188598632812,0.676,0.792,4526680
7,2017,soy,149,0.7525208129882812,0.688,0.808,4526680
8,2017,soy,156,0.7652988891601562,0.708,0.812,4526680
9,2017,soy,163,0.7898757934570313,0.736,0.844,4526680
10,2017,soy,170,0.831125,0.784,0.88,4526680
11,2017,soy,177,0.8563848266601563,0.812,0.908,4526680
12,2017,soy,184,0.8935721435546875,0.86,0.936,4526680
13,2017,soy,191,0.9096160888671875,0.884,0.952,4526680
14,2017,soy,198,0.928100830078125,0.908,0.96,4526680
15,2017,soy,205,0.9403584594726563,0.924,0.968,4526680
16,2017,soy,212,0.9371033325195313,0.92,0.968,4526680
17,2017,soy,219,0.94565576171875,0.932,0.972,4526680
18,2017,soy,226,0.948944091796875,0.936,0.972,4526680
19,2017,soy,233,0.9459923706054687,0.932,0.968,4526680
20,2017,soy,240,0.9343379516601562,0.92,0.964,4526680
21,2017,soy,247,0.9175630493164062,0.9,0.952,4526680
22,2017,soy,254,0.8709879150390625,0.84,0.916,4526680
23,2017,soy,261,0.8247628173828125,0.78,0.872,4526680
24,2017,soy,268,0.7850835571289062,0.736,0.828,4526680
25,2017,soy,275,0.7498895874023438,0.704,0.792,4526680
26,2017,soy,282,0.7287422485351562,0.68,0.772,4526680
27,2017,soy,289,0.7240594482421875,0.676,0.764,4526680
28,2017,soy,296,0.6958598022460938,0.652,0.732,4526680
29,2017,soy,303,0.6365902709960938,0.58,0.676,4526680
30,2017,soy,310,0.6711298217773437,0.64,0.712,4526680
0,2017,wheat,100,0.7831243286132813,0.716,0.852,864011
1,2017,wheat,107,0.8060823364257812,0.736,0.88,864011
2,2017,wheat,114,0.78910498046875,0.716,0.864,864011
3,2017,wheat,121,0.828125244140625,0.768,0.896,864011
4,2017,wheat,128,0.83413720703125,0.78,0.896,864011
5,2017,wheat,135,0.8154261474609374,0.76,0.876,864011
6,2017,wheat,142,0.8182265014648438,0.76,0.88,864011
7,2017,wheat,149,0.8145737915039063,0.764,0.868,864011
8,2017,wheat,156,0.7949091186523437,0.744,0.84,864011
9,2017,wheat,163,0.7668781127929688,0.716,0.812,864011
10,2017,wheat,170,0.750100830078125,0.7,0.792,864011
11,2017,wheat,177,0.7468306274414063,0.692,0.788,864011
12,2017,wheat,184,0.7515673828125,0.692,0.804,864011
13,2017,wheat,191,0.7459159545898437,0.684,0.796,864011
14,2017,wheat,198,0.7613841552734375,0.696,0.816,864011
15,2017,wheat,205,0.7534439697265625,0.684,0.812,864011
16,2017,wheat,212,0.7723654174804687,0.704,0.836,864011
17,2017,wheat,219,0.7808240356445313,0.712,0.844,864011
18,2017,wheat,226,0.80225146484375,0.736,0.868,864011
19,2017,wheat,233,0.8177164916992188,0.748,0.888,864011
20,2017,wheat,240,0.7926248168945312,0.732,0.848,864011
21,2017,wheat,247,0.7737220458984375,0.712,0.828,864011
22,2017,wheat,254,0.7448723754882812,0.684,0.792,864011
23,2017,wheat,261,0.731036865234375,0.672,0.776,864011
24,2017,wheat,268,0.7035146484375,0.648,0.748,864011
25,2017,wheat,275,0.7204483642578124,0.668,0.76,864011
26,2017,wheat,282,0.717611328125,0.668,0.756,864011
27,2017,wheat,289,0.7158400268554688,0.668,0.752,864011
28,2017,wheat,296,0.7051298828125,0.664,0.736,864011
29,2017,wheat,303,0.6480865478515625,0.604,0.684,864011
30,2017,wheat,310,0.6799374389648437,0.644,0.704,864011
0,2018,corn,106,0.6468384399414062,0.624,0.668,4654856
1,2018,corn,113,0.6715285034179688,0.636,0.692,4654856
2,2018,corn,120,0.6886004638671875,0.644,0.716,4654856
3,2018,corn,127,0.6989511108398437,0.652,0.732,4654856
4,2018,corn,134,0.7169783325195312,0.664,0.76,4654856
5,2018,corn,141,0.7502286376953125,0.688,0.8,4654856
6,2018,corn,148,0.7850178833007813,0.728,0.84,4654856
7,2018,corn,155,0.8075003662109375,0.752,0.864,4654856
8,2018,corn,162,0.8556317749023438,0.804,0.916,4654856
9,2018,corn,169,0.8647384033203125,0.816,0.932,4654856
10,2018,corn,176,0.918359619140625,0.896,0.96,4654856
11,2018,corn,183,0.9390582885742188,0.928,0.968,4654856
12,2018,corn,190,0.9377463989257813,0.924,0.968,4654856
13,2018,corn,197,0.940390625,0.928,0.968,4654856
14,2018,corn,204,0.9445670166015625,0.932,0.968,4654856
15,2018,corn,211,0.9385950927734374,0.928,0.964,4654856
16,2018,corn,218,0.941555419921875,0.932,0.968,4654856
17,2018,corn,225,0.9280718994140625,0.916,0.956,4654856
18,2018,corn,232,0.9220662231445312,0.908,0.952,4654856
19,2018,corn,239,0.898365478515625,0.876,0.94,4654856
20,2018,corn,246,0.8568497314453125,0.82,0.916,4654856
21,2018,corn,253,0.8452097778320312,0.808,0.888,4654856
22,2018,corn,260,0.78911962890625,0.736,0.836,4654856
23,2018,corn,267,0.7474517211914062,0.696,0.792,4654856
24,2018,corn,274,0.7002286376953125,0.648,0.76,4654856
25,2018,corn,281,0.6841743774414063,0.632,0.732,4654856
26,2018,corn,288,0.7181465454101562,0.668,0.756,4654856
27,2018,corn,295,0.6976193237304688,0.652,0.728,4654856
28,2018,corn,302,0.6726698608398437,0.64,0.696,4654856
29,2018,corn,309,0.6323494262695313,0.564,0.676,4654856
0,2018,soy,106,0.6539165649414063,0.624,0.68,4539843
1,2018,soy,113,0.676921142578125,0.632,0.704,4539843
2,2018,soy,120,0.6919232177734375,0.64,0.728,4539843
3,2018,soy,127,0.7030977783203125,0.648,0.744,4539843
4,2018,soy,134,0.7160690307617188,0.66,0.76,4539843
5,2018,soy,141,0.7474419555664062,0.684,0.8,4539843
6,2018,soy,148,0.772335205078125,0.716,0.824,4539843
7,2018,soy,155,0.7896484985351563,0.736,0.84,4539843
8,2018,soy,162,0.8299728393554687,0.776,0.884,4539843
9,2018,soy,169,0.8375538330078125,0.784,0.9,4539843
10,2018,soy,176,0.8967576904296874,0.86,0.944,4539843
11,2018,soy,183,0.9256649780273437,0.904,0.96,4539843
12,2018,soy,190,0.9301788940429687,0.908,0.96,4539843
13,2018,soy,197,0.9376162719726563,0.92,0.968,4539843
14,2018,soy,204,0.9465057983398437,0.932,0.972,4539843
15,2018,soy,211,0.944707763671875,0.932,0.972,4539843
16,2018,soy,218,0.9491463012695313,0.936,0.972,4539843
17,2018,soy,225,0.9362915649414062,0.92,0.964,4539843
18,2018,soy,232,0.933842041015625,0.92,0.96,4539843
19,2018,soy,239,0.9148282470703125,0.9,0.952,4539843
20,2018,soy,246,0.8786573486328125,0.844,0.932,4539843
21,2018,soy,253,0.8574591674804688,0.816,0.908,4539843
22,2018,soy,260,0.7991582641601562,0.744,0.856,4539843
23,2018,soy,267,0.7555934448242188,0.7,0.808,4539843
24,2018,soy,274,0.7034144897460938,0.636,0.776,4539843
25,2018,soy,281,0.6903616333007813,0.632,0.748,4539843
26,2018,soy,288,0.7263809204101562,0.672,0.768,4539843
27,2018,soy,295,0.7018584594726562,0.656,0.736,4539843
28,2018,soy,302,0.6759552612304688,0.64,0.704,4539843
29,2018,soy,309,0.6329563598632812,0.548,0.692,4539843
0,2018,wheat,106,0.7075303344726562,0.652,0.752,914365
1,2018,wheat,113,0.728315185546875,0.668,0.78,914365
2,2018,wheat,120,0.7656141357421875,0.7,0.828,914365
3,2018,wheat,127,0.7819324340820313,0.72,0.844,914365
4,2018,wheat,134,0.80118701171875,0.744,0.86,914365
5,2018,wheat,141,0.8123385009765625,0.756,0.872,914365
6,2018,wheat,148,0.8085587768554687,0.756,0.864,914365
7,2018,wheat,155,0.7896638793945312,0.732,0.844,914365
8,2018,wheat,162,0.765870361328125,0.704,0.82,914365
9,2018,wheat,169,0.7516046142578126,0.688,0.804,914365
10,2018,wheat,176,0.7694735107421875,0.704,0.832,914365
11,2018,wheat,183,0.7795275268554688,0.716,0.84,914365
12,2018,wheat,190,0.7734125366210938,0.708,0.836,914365
13,2018,wheat,197,0.77641943359375,0.712,0.836,914365
14,2018,wheat,204,0.7866778564453125,0.72,0.852,914365
15,2018,wheat,211,0.7938724365234375,0.728,0.86,914365
16,2018,wheat,218,0.8027048950195312,0.74,0.86,914365
17,2018,wheat,225,0.7918092651367188,0.724,0.856,914365
18,2018,wheat,232,0.7924710083007812,0.724,0.856,914365
19,2018,wheat,239,0.7828810424804687,0.716,0.848,914365
20,2018,wheat,246,0.7140975952148437,0.632,0.784,914365
21,2018,wheat,253,0.7740114135742188,0.704,0.836,914365
22,2018,wheat,260,0.75305029296875,0.688,0.808,914365
23,2018,wheat,267,0.7352053833007812,0.676,0.784,914365
24,2018,wheat,274,0.7133015747070313,0.664,0.756,914365
25,2018,wheat,281,0.680588134765625,0.632,0.724,914365
26,2018,wheat,288,0.7100746459960937,0.656,0.752,914365
27,2018,wheat,295,0.6984494018554688,0.652,0.728,914365
28,2018,wheat,302,0.6887366943359375,0.644,0.72,914365
29,2018,wheat,309,0.682149658203125,0.64,0.716,914365
0,2019,corn,105,0.6793302612304688,0.64,0.704,4705728
1,2019,corn,112,0.6910826416015625,0.648,0.72,4705728
2,2019,corn,119,0.6895972900390624,0.644,0.728,4705728
3,2019,corn,126,0.6881150512695312,0.64,0.724,4705728
4,2019,corn,133,0.72122802734375,0.664,0.764,4705728
5,2019,corn,140,0.7290017700195313,0.672,0.776,4705728
6,2019,corn,147,0.7516889038085938,0.696,0.8,4705728
7,2019,corn,154,0.7515684814453125,0.692,0.8,4705728
8,2019,corn,161,0.7642655639648438,0.708,0.812,4705728
9,2019,corn,168,0.7460681762695313,0.676,0.816,4705728
10,2019,corn,175,0.8362515869140625,0.784,0.892,4705728
11,2019,corn,182,0.874584716796875,0.832,0.932,4705728
12,2019,corn,189,0.9116646118164062,0.884,0.952,4705728
13,2019,corn,196,0.9224645385742187,0.9,0.96,4705728
14,2019,corn,203,0.9391866455078125,0.928,0.964,4705728
15,2019,corn,210,0.94207763671875,0.932,0.968,4705728
16,2019,corn,217,0.9417635498046875,0.932,0.968,4705728
17,2019,corn,224,0.929552734375,0.912,0.964,4705728
18,2019,corn,231,0.936197265625,0.924,0.964,4705728
19,2019,corn,238,0.9348670043945313,0.924,0.96,4705728
20,2019,corn,245,0.9209495239257812,0.908,0.956,4705728
21,2019,corn,252,0.894869384765625,0.876,0.94,4705728
22,2019,corn,259,0.8809436645507812,0.856,0.92,4705728
23,2019,corn,266,0.8518615112304687,0.816,0.9,4705728
24,2019,corn,273,0.7913648681640625,0.744,0.844,4705728
25,2019,corn,280,0.783744873046875,0.74,0.832,4705728
26,2019,corn,287,0.739303955078125,0.7,0.776,4705728
27,2019,corn,294,0.7095518798828125,0.672,0.74,4705728
28,2019,corn,301,0.6809032592773437,0.648,0.704,4705728
29,2019,corn,308,0.6682289428710938,0.636,0.696,4705728
0,2019,soy,105,0.6836638793945312,0.636,0.72,3907096
1,2019,soy,112,0.6942032470703124,0.644,0.732,3907096
2,2019,soy,119,0.6904442749023437,0.64,0.736,3907096
3,2019,soy,126,0.690989501953125,0.64,0.732,3907096
4,2019,soy,133,0.7240008544921875,0.66,0.776,3907096
5,2019,soy,140,0.724334228515625,0.664,0.776,3907096
6,2019,soy,147,0.7534213256835938,0.696,0.804,3907096
7,2019,soy,154,0.748253173828125,0.688,0.8,3907096
8,2019,soy,161,0.7561118774414063,0.7,0.804,3907096
9,2019,soy,168,0.7310800170898437,0.668,0.796,3907096
10,2019,soy,175,0.8067262573242188,0.752,0.86,3907096
11,2019,soy,182,0.83659765625,0.784,0.892,3907096
12,2019,soy,189,0.8751509399414062,0.836,0.924,3907096
13,2019,soy,196,0.8972116088867188,0.868,0.94,3907096
14,2019,soy,203,0.9231996459960937,0.904,0.956,3907096
15,2019,soy,210,0.9341434936523437,0.916,0.964,3907096
16,2019,soy,217,0.9381836547851562,0.92,0.968,3907096
17,2019,soy,224,0.9315970458984375,0.912,0.968,3907096
18,2019,soy,231,0.9432935180664063,0.928,0.972,3907096
19,2019,soy,238,0.9445576782226562,0.932,0.968,3907096
20,2019,soy,245,0.9326734619140625,0.92,0.964,3907096
21,2019,soy,252,0.9095012817382813,0.892,0.948,3907096
22,2019,soy,259,0.8867568969726562,0.856,0.928,3907096
23,2019,soy,266,0.8494696044921874,0.808,0.9,3907096
24,2019,soy,273,0.7825526123046875,0.74,0.84,3907096
25,2019,soy,280,0.7791187133789063,0.732,0.824,3907096
26,2019,soy,287,0.7372542114257813,0.696,0.772,3907096
27,2019,soy,294,0.7110451049804688,0.672,0.74,3907096
28,2019,soy,301,0.68462939453125,0.648,0.716,3907096
29,2019,soy,308,0.669284912109375,0.632,0.704,3907096
0,2019,wheat,105,0.7762033081054688,0.696,0.852,875005
1,2019,wheat,112,0.7950150756835938,0.724,0.864,875005
2,2019,wheat,119,0.7904686889648438,0.72,0.864,875005
3,2019,wheat,126,0.7990430908203126,0.724,0.88,875005
4,2019,wheat,133,0.8372366943359375,0.784,0.9,875005
5,2019,wheat,140,0.833603515625,0.784,0.892,875005
6,2019,wheat,147,0.8445882568359375,0.8,0.892,875005
7,2019,wheat,154,0.8344954833984375,0.788,0.888,875005
8,2019,wheat,161,0.8149535522460938,0.76,0.868,875005
9,2019,wheat,168,0.7920899047851563,0.736,0.844,875005
10,2019,wheat,175,0.7869942626953125,0.728,0.84,875005
11,2019,wheat,182,0.7690161743164062,0.708,0.82,875005
12,2019,wheat,189,0.7851245727539062,0.728,0.84,875005
13,2019,wheat,196,0.77707666015625,0.72,0.832,875005
14,2019,wheat,203,0.7769424438476562,0.716,0.832,875005
15,2019,wheat,210,0.7754434814453125,0.712,0.832,875005
16,2019,wheat,217,0.774609130859375,0.708,0.836,875005
17,2019,wheat,224,0.7877451171875,0.724,0.852,875005
18,2019,wheat,231,0.7809181518554688,0.716,0.84,875005
19,2019,wheat,238,0.7926613159179687,0.728,0.856,875005
20,2019,wheat,245,0.783447509765625,0.716,0.848,875005
21,2019,wheat,252,0.7728907470703125,0.708,0.836,875005
22,2019,wheat,259,0.757629150390625,0.692,0.816,875005
23,2019,wheat,266,0.740396240234375,0.676,0.792,875005
24,2019,wheat,273,0.7238113403320312,0.66,0.776,875005
25,2019,wheat,280,0.7242032470703125,0.664,0.772,875005
26,2019,wheat,287,0.701066162109375,0.652,0.736,875005
27,2019,wheat,294,0.6928762817382812,0.648,0.728,875005
28,2019,wheat,301,0.6770079345703125,0.64,0.704,875005
29,2019,wheat,308,0.675250732421875,0.64,0.696,875005
0,2020,corn,104,0.6790376586914062,0.64,0.704,4828590
1,2020,corn,111,0.68810205078125,0.648,0.716,4828590
2,2020,corn,118,0.7070068969726563,0.66,0.744,4828590
3,2020,corn,125,0.7108214111328125,0.66,0.748,4828590
4,2020,corn,132,0.6830376586914062,0.64,0.72,4828590
5,2020,corn,139,0.6824522094726563,0.628,0.736,4828590
6,2020,corn,146,0.7416328735351563,0.684,0.792,4828590
7,2020,corn,153,0.7767225341796875,0.716,0.832,4828590
8,2020,corn,160,0.7958355712890625,0.752,0.84,4828590
9,2020,corn,167,0.8235209350585937,0.78,0.872,4828590
10,2020,corn,174,0.8702452392578125,0.836,0.92,4828590
11,2020,corn,181,0.91015576171875,0.888,0.952,4828590
12,2020,corn,188,0.9203905639648438,0.904,0.952,4828590
13,2020,corn,195,0.93720751953125,0.924,0.968,4828590
14,2020,corn,202,0.94115380859375,0.932,0.968,4828590
15,2020,corn,209,0.9452805786132813,0.936,0.972,4828590
16,2020,corn,216,0.94586474609375,0.936,0.968,4828590
17,2020,corn,223,0.9451876220703125,0.936,0.968,4828590
18,2020,corn,230,0.9390232543945313,0.928,0.964,4828590
19,2020,corn,237,0.9243944702148438,0.912,0.956,4828590
20,2020,corn,244,0.8989052124023438,0.876,0.936,4828590
21,2020,corn,251,0.8404862670898438,0.796,0.896,4828590
22,2020,corn,258,0.8311641845703125,0.788,0.88,4828590
23,2020,corn,265,0.7889498291015625,0.744,0.832,4828590
24,2020,corn,272,0.750059814453125,0.7,0.796,4828590
25,2020,corn,279,0.7395989379882812,0.696,0.776,4828590
26,2020,corn,286,0.7109517822265625,0.672,0.74,4828590
27,2020,corn,293,0.6253306884765625,0.552,0.672,4828590
28,2020,corn,300,0.6907097778320312,0.648,0.72,4828590
29,2020,corn,307,0.6868929443359375,0.648,0.712,4828590
0,2020,soy,104,0.68387060546875,0.636,0.716,4313203
1,2020,soy,111,0.6937068481445312,0.644,0.728,4313203
2,2020,soy,118,0.7134839477539062,0.656,0.76,4313203
3,2020,soy,125,0.7159153442382813,0.656,0.76,4313203
4,2020,soy,132,0.6824072265625,0.636,0.72,4313203
5,2020,soy,139,0.6875426635742188,0.632,0.74,4313203
6,2020,soy,146,0.7442139282226562,0.684,0.796,4313203
7,2020,soy,153,0.7768104248046875,0.712,0.836,4313203
8,2020,soy,160,0.7823994750976563,0.736,0.828,4313203
9,2020,soy,167,0.7963775024414063,0.748,0.844,4313203
10,2020,soy,174,0.83365966796875,0.788,0.884,4313203
11,2020,soy,181,0.8791759643554687,0.84,0.924,4313203
12,2020,soy,188,0.899784912109375,0.872,0.94,4313203
13,2020,soy,195,0.924133544921875,0.9,0.956,4313203
14,2020,soy,202,0.9402758178710937,0.924,0.968,4313203
15,2020,soy,209,0.9464183349609375,0.932,0.972,4313203
16,2020,soy,216,0.951069580078125,0.94,0.976,4313203
17,2020,soy,223,0.9535240478515625,0.94,0.976,4313203
18,2020,soy,230,0.9522609252929688,0.94,0.976,4313203
19,2020,soy,237,0.9402149658203125,0.928,0.964,4313203
20,2020,soy,244,0.9202298583984375,0.9,0.952,4313203
21,2020,soy,251,0.8646702880859375,0.82,0.92,4313203
22,2020,soy,258,0.8440668334960938,0.796,0.896,4313203
23,2020,soy,265,0.79442919921875,0.744,0.844,4313203
24,2020,soy,272,0.7514640502929687,0.696,0.8,4313203
25,2020,soy,279,0.7391620483398438,0.688,0.78,4313203
26,2020,soy,286,0.7108863525390625,0.668,0.744,4313203
27,2020,soy,293,0.6295969848632812,0.544,0.684,4313203
28,2020,soy,300,0.6936893310546876,0.648,0.728,4313203
29,2020,soy,307,0.6913223876953125,0.652,0.716,4313203
0,2020,wheat,104,0.7533634643554687,0.672,0.828,775515
1,2020,wheat,111,0.7620463256835938,0.68,0.84,775515
2,2020,wheat,118,0.7885032348632812,0.716,0.864,775515
3,2020,wheat,125,0.7998226318359375,0.736,0.868,775515
4,2020,wheat,132,0.7840753784179687,0.72,0.852,775515
5,2020,wheat,139,0.80554736328125,0.748,0.872,775515
6,2020,wheat,146,0.8100172729492188,0.756,0.872,775515
7,2020,wheat,153,0.8044216918945313,0.748,0.864,775515
8,2020,wheat,160,0.7717484130859374,0.708,0.828,775515
9,2020,wheat,167,0.7429496459960937,0.684,0.792,775515
10,2020,wheat,174,0.7377608642578125,0.672,0.788,775515
11,2020,wheat,181,0.7391202392578125,0.672,0.796,775515
12,2020,wheat,188,0.7385452880859374,0.668,0.8,775515
13,2020,wheat,195,0.7611593627929687,0.688,0.828,775515
14,2020,wheat,202,0.7793187255859375,0.704,0.852,775515
15,2020,wheat,209,0.7929075317382812,0.72,0.864,775515
16,2020,wheat,216,0.8018903198242188,0.736,0.872,775515
17,2020,wheat,223,0.8100838012695313,0.744,0.88,775515
18,2020,wheat,230,0.7855486450195313,0.716,0.852,775515
19,2020,wheat,237,0.769523193359375,0.7,0.832,775515
20,2020,wheat,244,0.754251220703125,0.684,0.816,775515
21,2020,wheat,251,0.7363792724609375,0.672,0.792,775515
22,2020,wheat,258,0.7416682739257813,0.68,0.792,775515
23,2020,wheat,265,0.7284678344726563,0.672,0.776,775515
24,2020,wheat,272,0.7148445434570313,0.664,0.756,775515
25,2020,wheat,279,0.7126966552734375,0.664,0.748,775515
26,2020,wheat,286,0.7011011352539063,0.656,0.736,775515
27,2020,wheat,293,0.6643699340820313,0.616,0.712,775515
28,2020,wheat,300,0.6944697265625,0.648,0.728,775515
29,2020,wheat,307,0.700383056640625,0.656,0.728,775515
0,2021,corn,102,0.6808223266601563,0.632,0.716,4911649
1,2021,corn,109,0.6849401245117187,0.636,0.72,4911649
2,2021,corn,116,0.69734912109375,0.644,0.736,4911649
3,2021,corn,123,0.7043396606445312,0.652,0.744,4911649
4,2021,corn,130,0.7144972534179688,0.66,0.756,4911649
5,2021,corn,137,0.6730053100585938,0.616,0.724,4911649
6,2021,corn,144,0.7305040283203125,0.672,0.78,4911649
7,2021,corn,151,0.7520723266601562,0.696,0.8,4911649
8,2021,corn,158,0.7962686767578125,0.752,0.84,4911649
9,2021,corn,165,0.828042724609375,0.788,0.872,4911649
10,2021,corn,172,0.845954345703125,0.808,0.896,4911649
11,2021,corn,179,0.901642822265625,0.884,0.94,4911649
12,2021,corn,186,0.9108951416015625,0.892,0.948,4911649
13,2021,corn,193,0.9117278442382812,0.892,0.952,4911649
14,2021,corn,200,0.9335339965820313,0.924,0.96,4911649
15,2021,corn,207,0.9322547607421875,0.924,0.956,4911649
16,2021,corn,214,0.9284851684570312,0.916,0.956,4911649
17,2021,corn,221,0.9227000732421875,0.912,0.952,4911649
18,2021,corn,228,0.9150167846679688,0.9,0.948,4911649
19,2021,corn,235,0.9064005737304688,0.892,0.944,4911649
20,2021,corn,242,0.9001393432617187,0.884,0.932,4911649
21,2021,corn,249,0.8792597045898437,0.856,0.916,4911649
22,2021,corn,256,0.8272884521484375,0.788,0.872,4911649
23,2021,corn,263,0.7809160766601563,0.732,0.828,4911649
24,2021,corn,270,0.7581942749023437,0.712,0.8,4911649
25,2021,corn,277,0.7289338989257812,0.68,0.772,4911649
26,2021,corn,284,0.7318935546875,0.68,0.772,4911649
27,2021,corn,291,0.720518798828125,0.668,0.764,4911649
28,2021,corn,298,0.6939529418945313,0.648,0.732,4911649
29,2021,corn,305,0.6971188354492187,0.644,0.736,4911649
0,2021,soy,102,0.6821617431640625,0.628,0.724,4530184
1,2021,soy,109,0.6868922119140625,0.636,0.728,4530184
2,2021,soy,116,0.6981957397460937,0.64,0.744,4530184
3,2021,soy,123,0.7037821044921875,0.648,0.748,4530184
4,2021,soy,130,0.71566552734375,0.656,0.764,4530184
5,2021,soy,137,0.6722416381835937,0.616,0.72,4530184
6,2021,soy,144,0.726229248046875,0.668,0.776,4530184
7,2021,soy,151,0.7432645263671875,0.688,0.792,4530184
8,2021,soy,158,0.7779049682617187,0.728,0.824,4530184
9,2021,soy,165,0.8030023193359375,0.76,0.848,4530184
10,2021,soy,172,0.8194859619140625,0.776,0.868,4530184
11,2021,soy,179,0.8804188232421875,0.852,0.924,4530184
12,2021,soy,186,0.8917484741210937,0.86,0.932,4530184
13,2021,soy,193,0.903380859375,0.876,0.948,4530184
14,2021,soy,200,0.931554931640625,0.916,0.96,4530184
15,2021,soy,207,0.9337872924804688,0.92,0.96,4530184
16,2021,soy,214,0.929892822265625,0.916,0.96,4530184
17,2021,soy,221,0.9264708251953125,0.912,0.96,4530184
18,2021,soy,228,0.92161083984375,0.904,0.956,4530184
19,2021,soy,235,0.9172838134765625,0.9,0.952,4530184
20,2021,soy,242,0.9095131225585937,0.892,0.94,4530184
21,2021,soy,249,0.8878077392578125,0.864,0.924,4530184
22,2021,soy,256,0.830210205078125,0.788,0.876,4530184
23,2021,soy,263,0.7807036743164063,0.728,0.828,4530184
24,2021,soy,270,0.756404541015625,0.708,0.8,4530184
25,2021,soy,277,0.7303645629882812,0.68,0.776,4530184
26,2021,soy,284,0.7337496948242187,0.68,0.78,4530184
27,2021,soy,291,0.7241149291992187,0.668,0.772,4530184
28,2021,soy,298,0.7002244873046874,0.652,0.74,4530184
29,2021,soy,305,0.703397216796875,0.652,0.748,4530184
0,2021,wheat,102,0.7432673950195312,0.672,0.812,860358
1,2021,wheat,109,0.7654232788085937,0.688,0.844,860358
2,2021,wheat,116,0.7854253540039062,0.716,0.86,860358
3,2021,wheat,123,0.7933356323242188,0.728,0.868,860358
4,2021,wheat,130,0.795036865234375,0.732,0.86,860358
5,2021,wheat,137,0.7485989379882813,0.672,0.828,860358
6,2021,wheat,144,0.8062471313476562,0.748,0.868,860358
7,2021,wheat,151,0.815233642578125,0.756,0.876,860358
8,2021,wheat,158,0.7962838134765625,0.744,0.848,860358
9,2021,wheat,165,0.7706730346679688,0.72,0.816,860358
10,2021,wheat,172,0.7412553100585938,0.688,0.788,860358
11,2021,wheat,179,0.74263818359375,0.672,0.804,860358
12,2021,wheat,186,0.7643242797851563,0.696,0.824,860358
13,2021,wheat,193,0.7682924194335937,0.704,0.82,860358
14,2021,wheat,200,0.7855761108398438,0.712,0.852,860358
15,2021,wheat,207,0.7782567749023438,0.708,0.848,860358
16,2021,wheat,214,0.7862398681640625,0.724,0.848,860358
17,2021,wheat,221,0.7700115356445313,0.7,0.836,860358
18,2021,wheat,228,0.7694297485351562,0.696,0.836,860358
19,2021,wheat,235,0.7596018676757812,0.684,0.828,860358
20,2021,wheat,242,0.767806884765625,0.692,0.836,860358
21,2021,wheat,249,0.7550543823242187,0.684,0.82,860358
22,2021,wheat,256,0.7394999389648438,0.672,0.8,860358
23,2021,wheat,263,0.7195632934570313,0.66,0.768,860358
24,2021,wheat,270,0.7123609008789062,0.656,0.756,860358
25,2021,wheat,277,0.703445068359375,0.652,0.744,860358
26,2021,wheat,284,0.7157340087890625,0.664,0.756,860358
27,2021,wheat,291,0.709918701171875,0.656,0.748,860358
28,2021,wheat,298,0.697494873046875,0.644,0.74,860358
29,2021,wheat,305,0.7068345947265625,0.652,0.748,860358
0,2022,corn,101,0.656382080078125,0.62,0.68,4728792
1,2022,corn,108,0.65696875,0.62,0.688,4728792
2,2022,corn,115,0.6636697387695313,0.624,0.692,4728792
3,2022,corn,122,0.6742850952148437,0.628,0.708,4728792
4,2022,corn,129,0.710419921875,0.652,0.756,4728792
5,2022,corn,136,0.7125668334960937,0.656,0.76,4728792
6,2022,corn,143,0.7194125366210937,0.664,0.768,4728792
7,2022,corn,150,0.750340576171875,0.684,0.808,4728792
8,2022,corn,157,0.7558448486328125,0.7,0.808,4728792
9,2022,corn,164,0.8084327392578124,0.76,0.864,4728792
10,2022,corn,171,0.8344611206054687,0.796,0.888,4728792
11,2022,corn,178,0.8683803100585937,0.836,0.916,4728792
12,2022,corn,185,0.9005466918945313,0.88,0.944,4728792
13,2022,corn,192,0.9145098876953125,0.9,0.952,4728792
14,2022,corn,199,0.9273561401367187,0.92,0.96,4728792
15,2022,corn,206,0.9163896484375,0.908,0.956,4728792
16,2022,corn,213,0.9227786865234375,0.912,0.956,4728792
17,2022,corn,220,0.9237940063476563,0.916,0.956,4728792
18,2022,corn,227,0.9165565795898437,0.904,0.956,4728792
19,2022,corn,234,0.9163928833007813,0.904,0.952,4728792
20,2022,corn,241,0.9112286987304687,0.9,0.948,4728792
21,2022,corn,248,0.892774169921875,0.872,0.936,4728792
22,2022,corn,255,0.8608025512695312,0.824,0.912,4728792
23,2022,corn,262,0.8242427368164063,0.78,0.88,4728792
24,2022,corn,269,0.7924625244140625,0.74,0.848,4728792
25,2022,corn,276,0.7465929565429688,0.696,0.792,4728792
26,2022,corn,304,0.6614375610351563,0.632,0.68,4728792
0,2022,soy,101,0.6612963256835938,0.62,0.696,4454796
1,2022,soy,108,0.658560791015625,0.616,0.704,4454796
2,2022,soy,115,0.6741414184570312,0.624,0.716,4454796
3,2022,soy,122,0.6822591552734375,0.628,0.724,4454796
4,2022,soy,129,0.717489013671875,0.652,0.772,4454796
5,2022,soy,136,0.7179669799804688,0.656,0.772,4454796
6,2022,soy,143,0.7254464721679688,0.664,0.776,4454796
7,2022,soy,150,0.7549486083984375,0.688,0.816,4454796
8,2022,soy,157,0.7498314819335937,0.692,0.8,4454796
9,2022,soy,164,0.7937264404296875,0.744,0.844,4454796
10,2022,soy,171,0.8115589599609375,0.764,0.86,4454796
11,2022,soy,178,0.8409486694335937,0.8,0.888,4454796
12,2022,soy,185,0.8762996215820312,0.84,0.924,4454796
13,2022,soy,192,0.8994461669921875,0.872,0.94,4454796
14,2022,soy,199,0.9234672241210937,0.904,0.956,4454796
15,2022,soy,206,0.9153303833007812,0.9,0.956,4454796
16,2022,soy,213,0.9270054931640626,0.912,0.956,4454796
17,2022,soy,220,0.9314349975585937,0.92,0.96,4454796
18,2022,soy,227,0.930269775390625,0.916,0.96,4454796
19,2022,soy,234,0.9310609130859375,0.916,0.96,4454796
20,2022,soy,241,0.9272459716796875,0.916,0.956,4454796
21,2022,soy,248,0.909535888671875,0.888,0.944,4454796
22,2022,soy,255,0.8738948364257813,0.84,0.92,4454796
23,2022,soy,262,0.8245111083984376,0.776,0.876,4454796
24,2022,soy,269,0.7869696655273437,0.736,0.836,4454796
25,2022,soy,276,0.7413265991210938,0.688,0.788,4454796
26,2022,soy,304,0.6621708984375,0.632,0.684,4454796
0,2022,wheat,101,0.7169239501953125,0.652,0.776,794260
1,2022,wheat,108,0.724409423828125,0.66,0.784,794260
2,2022,wheat,115,0.7356232299804687,0.664,0.8,794260
3,2022,wheat,122,0.7402467651367187,0.668,0.808,794260
4,2022,wheat,129,0.7756864013671875,0.708,0.844,794260
5,2022,wheat,136,0.7729548950195313,0.712,0.836,794260
6,2022,wheat,143,0.7633914184570313,0.696,0.832,794260
7,2022,wheat,150,0.7634964599609375,0.696,0.828,794260
8,2022,wheat,157,0.7649506225585937,0.704,0.824,794260
9,2022,wheat,164,0.7473021850585938,0.68,0.804,794260
10,2022,wheat,171,0.7297257690429687,0.656,0.792,794260
11,2022,wheat,178,0.7392567138671875,0.664,0.804,794260
12,2022,wheat,185,0.7387291870117187,0.664,0.804,794260
13,2022,wheat,192,0.7360755004882813,0.664,0.796,794260
14,2022,wheat,199,0.731625244140625,0.66,0.792,794260
15,2022,wheat,206,0.7334130249023437,0.656,0.8,794260
16,2022,wheat,213,0.7546823120117188,0.688,0.816,794260
17,2022,wheat,220,0.7518460083007813,0.684,0.812,794260
18,2022,wheat,227,0.7446058959960937,0.672,0.8,794260
19,2022,wheat,234,0.7511740112304688,0.676,0.812,794260
20,2022,wheat,241,0.743211669921875,0.672,0.8,794260
21,2022,wheat,248,0.7354124755859375,0.668,0.788,794260
22,2022,wheat,255,0.718963134765625,0.656,0.764,794260
23,2022,wheat,262,0.7080162353515626,0.648,0.748,794260
24,2022,wheat,269,0.7021716918945312,0.648,0.736,794260
25,2022,wheat,276,0.6929739990234375,0.644,0.724,794260
26,2022,wheat,304,0.6638043212890625,0.632,0.684,794260
0,2023,corn,100,0.6565097045898437,0.62,0.688,5005124
1,2023,corn,107,0.6628656005859375,0.62,0.692,5005124
2,2023,corn,114,0.675532958984375,0.628,0.708,5005124
3,2023,corn,121,0.6863015747070312,0.64,0.716,5005124
4,2023,corn,128,0.6908173217773438,0.636,0.728,5005124
5,2023,corn,135,0.7367273559570312,0.676,0.784,5005124
6,2023,corn,142,0.7407335815429688,0.684,0.792,5005124
7,2023,corn,156,0.7879876708984375,0.74,0.836,5005124
8,2023,corn,163,0.83485693359375,0.796,0.88,5005124
9,2023,corn,170,0.8633529052734376,0.828,0.912,5005124
10,2023,corn,177,0.8840281982421875,0.852,0.932,5005124
11,2023,corn,184,0.9148199462890625,0.896,0.952,5005124
12,2023,corn,191,0.9324840698242187,0.92,0.96,5005124
13,2023,corn,198,0.9341018676757813,0.924,0.96,5005124
14,2023,corn,205,0.93427099609375,0.924,0.956,5005124
15,2023,corn,212,0.9049441528320312,0.888,0.952,5005124
16,2023,corn,219,0.9277611083984375,0.916,0.956,5005124
17,2023,corn,226,0.9322589111328125,0.924,0.956,5005124
18,2023,corn,233,0.909433837890625,0.896,0.94,5005124
19,2023,corn,240,0.9075842895507813,0.892,0.94,5005124
20,2023,corn,247,0.8703932495117187,0.836,0.912,5005124
21,2023,corn,254,0.8423331909179688,0.8,0.892,5005124
22,2023,corn,261,0.7959037475585937,0.744,0.844,5005124
23,2023,corn,268,0.7647462158203125,0.712,0.816,5005124
24,2023,corn,275,0.7464982299804688,0.692,0.792,5005124
25,2023,corn,282,0.7210003051757813,0.668,0.76,5005124
26,2023,corn,289,0.69839404296875,0.652,0.736,5005124
27,2023,corn,296,0.6658157348632813,0.628,0.7,5005124
28,2023,corn,303,0.6733041381835938,0.632,0.708,5005124
29,2023,corn,310,0.6733218383789062,0.636,0.7,5005124
0,2023,soy,100,0.6552205810546875,0.616,0.7,4251785
1,2023,soy,107,0.6629000854492187,0.616,0.704,4251785
2,2023,soy,114,0.6780630493164063,0.624,0.716,4251785
3,2023,soy,121,0.68721826171875,0.632,0.724,4251785
4,2023,soy,128,0.6924837646484375,0.636,0.736,4251785
5,2023,soy,135,0.736152587890625,0.676,0.784,4251785
6,2023,soy,142,0.742395751953125,0.684,0.792,4251785
7,2023,soy,156,0.7729888305664062,0.724,0.816,4251785
8,2023,soy,163,0.8172894897460937,0.776,0.86,4251785
9,2023,soy,170,0.8357697143554688,0.792,0.884,4251785
10,2023,soy,177,0.8620281982421875,0.824,0.908,4251785
11,2023,soy,184,0.8996237182617187,0.872,0.936,4251785
12,2023,soy,191,0.924718505859375,0.904,0.952,4251785
13,2023,soy,198,0.9306576538085938,0.912,0.956,4251785
14,2023,soy,205,0.9345919799804687,0.92,0.96,4251785
15,2023,soy,212,0.905680908203125,0.888,0.952,4251785
16,2023,soy,219,0.93186181640625,0.92,0.96,4251785
17,2023,soy,226,0.9403331298828125,0.928,0.964,4251785
18,2023,soy,233,0.9193505249023437,0.908,0.948,4251785
19,2023,soy,240,0.9194436645507813,0.904,0.948,4251785
20,2023,soy,247,0.8830380249023437,0.852,0.924,4251785
21,2023,soy,254,0.8511144409179687,0.808,0.9,4251785
22,2023,soy,261,0.7942061767578125,0.744,0.844,4251785
23,2023,soy,268,0.7575400390625,0.708,0.804,4251785
24,2023,soy,275,0.7378567504882813,0.688,0.78,4251785
25,2023,soy,282,0.71353369140625,0.664,0.752,4251785
26,2023,soy,289,0.6926768798828125,0.644,0.732,4251785
27,2023,soy,296,0.6599426879882813,0.62,0.7,4251785
28,2023,soy,303,0.664647216796875,0.628,0.708,4251785
29,2023,soy,310,0.6704810180664063,0.632,0.7,4251785
0,2023,wheat,100,0.6986995239257813,0.632,0.752,875776
1,2023,wheat,107,0.70386767578125,0.636,0.76,875776
2,2023,wheat,114,0.7159258422851562,0.648,0.776,875776
3,2023,wheat,121,0.7368602905273437,0.668,0.8,875776
4,2023,wheat,128,0.7372473754882812,0.668,0.8,875776
5,2023,wheat,135,0.7773562622070312,0.716,0.84,875776
6,2023,wheat,142,0.75450927734375,0.676,0.832,875776
7,2023,wheat,156,0.8111976318359375,0.76,0.864,875776
8,2023,wheat,163,0.8123555297851562,0.764,0.864,875776
9,2023,wheat,170,0.8113086547851562,0.764,0.86,875776
10,2023,wheat,177,0.801283203125,0.756,0.852,875776
11,2023,wheat,184,0.7880464477539062,0.732,0.844,875776
12,2023,wheat,191,0.8067134399414062,0.752,0.864,875776
13,2023,wheat,198,0.8078646850585938,0.752,0.868,875776
14,2023,wheat,205,0.8013412475585937,0.744,0.86,875776
15,2023,wheat,212,0.796075439453125,0.74,0.852,875776
16,2023,wheat,219,0.7990554809570313,0.74,0.86,875776
17,2023,wheat,226,0.7978159790039062,0.74,0.856,875776
18,2023,wheat,233,0.775404296875,0.716,0.828,875776
19,2023,wheat,240,0.7714635620117187,0.708,0.82,875776
20,2023,wheat,247,0.7506403198242187,0.692,0.796,875776
21,2023,wheat,254,0.7356506958007812,0.668,0.784,875776
22,2023,wheat,261,0.7356477661132812,0.676,0.784,875776
23,2023,wheat,268,0.728912353515625,0.676,0.772,875776
24,2023,wheat,275,0.7267869873046875,0.672,0.772,875776
25,2023,wheat,282,0.7077485961914063,0.66,0.744,875776
26,2023,wheat,289,0.6975458374023438,0.652,0.732,875776
27,2023,wheat,296,0.681069580078125,0.64,0.712,875776
28,2023,wheat,303,0.687825927734375,0.64,0.72,875776
29,2023,wheat,310,0.6935528564453125,0.644,0.728,875776
0,2024,corn,106,0.6823866577148437,0.632,0.716,4808855
1,2024,corn,113,0.6850302124023437,0.636,0.72,4808855
2,2024,corn,120,0.7045082397460938,0.648,0.748,4808855
3,2024,corn,127,0.7437637329101563,0.676,0.804,4808855
4,2024,corn,134,0.727605224609375,0.668,0.776,4808855
5,2024,corn,141,0.738515869140625,0.68,0.788,4808855
6,2024,corn,148,0.743445556640625,0.684,0.796,4808855
7,2024,corn,155,0.7756719360351563,0.716,0.832,4808855
8,2024,corn,162,0.8055711669921874,0.748,0.864,4808855
9,2024,corn,169,0.8323510131835937,0.776,0.896,4808855
10,2024,corn,176,0.8782191772460938,0.84,0.928,4808855
11,2024,corn,183,0.9022072143554688,0.876,0.944,4808855
12,2024,corn,190,0.9273432006835938,0.912,0.96,4808855
13,2024,corn,197,0.9266695556640625,0.912,0.956,4808855
14,2024,corn,204,0.931091064453125,0.92,0.96,4808855
15,2024,corn,211,0.9370942993164062,0.928,0.96,4808855
16,2024,corn,218,0.9255238647460937,0.916,0.956,4808855
17,2024,corn,225,0.9263023681640625,0.916,0.956,4808855
18,2024,corn,232,0.9264932861328125,0.916,0.952,4808855
19,2024,corn,239,0.9188180541992188,0.908,0.948,4808855
20,2024,corn,246,0.90518505859375,0.892,0.94,4808855
21,2024,corn,253,0.8634559326171874,0.836,0.904,4808855
22,2024,corn,260,0.8175113525390625,0.776,0.864,4808855
23,2024,corn,267,0.7742529907226563,0.728,0.832,4808855
24,2024,corn,274,0.7496043090820312,0.704,0.792,4808855
25,2024,corn,281,0.7225488891601562,0.68,0.756,4808855
26,2024,corn,288,0.6974444580078125,0.656,0.724,4808855
27,2024,corn,295,0.678990234375,0.644,0.7,4808855
28,2024,corn,302,0.6563746337890625,0.628,0.68,4808855
29,2024,corn,309,0.6563490600585937,0.616,0.684,4808855
0,2024,soy,106,0.6871429443359375,0.632,0.728,4342619
1,2024,soy,113,0.68740185546875,0.632,0.728,4342619
2,2024,soy,120,0.7049298706054687,0.644,0.752,4342619
3,2024,soy,127,0.748360595703125,0.676,0.816,4342619
4,2024,soy,134,0.7297650756835937,0.668,0.78,4342619
5,2024,soy,141,0.7378045043945313,0.676,0.788,4342619
6,2024,soy,148,0.7430380859375,0.684,0.796,4342619
7,2024,soy,155,0.7661952514648438,0.708,0.82,4342619
8,2024,soy,162,0.7875388793945313,0.732,0.844,4342619
9,2024,soy,169,0.8044338989257812,0.744,0.864,4342619
10,2024,soy,176,0.8478508911132813,0.8,0.904,4342619
11,2024,soy,183,0.8755240478515625,0.836,0.928,4342619
12,2024,soy,190,0.9109031982421875,0.884,0.948,4342619
13,2024,soy,197,0.9179623413085938,0.892,0.952,4342619
14,2024,soy,204,0.9276058349609375,0.912,0.956,4342619
15,2024,soy,211,0.9418451538085938,0.932,0.964,4342619
16,2024,soy,218,0.935544677734375,0.924,0.96,4342619
17,2024,soy,225,0.93552001953125,0.924,0.96,4342619
18,2024,soy,232,0.9376716918945313,0.928,0.96,4342619
19,2024,soy,239,0.931520751953125,0.92,0.952,4342619
20,2024,soy,246,0.91913427734375,0.904,0.944,4342619
21,2024,soy,253,0.8775638427734375,0.852,0.912,4342619
22,2024,soy,260,0.8155673217773437,0.772,0.86,4342619
23,2024,soy,267,0.7581709594726562,0.716,0.812,4342619
24,2024,soy,274,0.7419954223632812,0.696,0.78,4342619
25,2024,soy,281,0.7152957153320313,0.668,0.752,4342619
26,2024,soy,288,0.6933265380859375,0.648,0.724,4342619
27,2024,soy,295,0.6789125366210937,0.64,0.704,4342619
28,2024,soy,302,0.66042822265625,0.628,0.688,4342619
29,2024,soy,309,0.6659236450195313,0.624,0.696,4342619
0,2024,wheat,106,0.7913650512695313,0.724,0.86,749950
1,2024,wheat,113,0.7945801391601562,0.736,0.856,749950
2,2024,wheat,120,0.8219989624023437,0.768,0.884,749950
3,2024,wheat,127,0.8281217651367188,0.78,0.884,749950
4,2024,wheat,134,0.8301971435546875,0.784,0.884,749950
5,2024,wheat,141,0.8140618286132812,0.76,0.872,749950
6,2024,wheat,148,0.7883115234375,0.724,0.852,749950
7,2024,wheat,155,0.783447021484375,0.716,0.844,749950
8,2024,wheat,162,0.764220703125,0.7,0.82,749950
9,2024,wheat,169,0.7476141967773438,0.684,0.804,749950
10,2024,wheat,176,0.747333251953125,0.68,0.808,749950
11,2024,wheat,183,0.7521315307617188,0.68,0.816,749950
12,2024,wheat,190,0.7687658081054688,0.704,0.832,749950
13,2024,wheat,197,0.7640126953125,0.7,0.82,749950
14,2024,wheat,204,0.7797826538085938,0.724,0.836,749950
15,2024,wheat,211,0.7633048095703125,0.696,0.824,749950
16,2024,wheat,218,0.7446251220703125,0.676,0.804,749950
17,2024,wheat,225,0.7664796752929688,0.696,0.832,749950
18,2024,wheat,232,0.7665908203125,0.696,0.832,749950
19,2024,wheat,239,0.7664744873046875,0.696,0.832,749950
20,2024,wheat,246,0.7507483520507813,0.68,0.812,749950
21,2024,wheat,253,0.7308048095703125,0.668,0.784,749950
22,2024,wheat,260,0.7198068237304688,0.664,0.764,749950
23,2024,wheat,267,0.7093056640625,0.656,0.752,749950
24,2024,wheat,274,0.7010724487304687,0.652,0.736,749950
25,2024,wheat,281,0.6963367919921875,0.652,0.728,749950
26,2024,wheat,288,0.6829343872070313,0.644,0.708,749950
27,2024,wheat,295,0.6826283569335938,0.644,0.708,749950
28,2024,wheat,302,0.6797268676757813,0.64,0.708,749950
29,2024,wheat,309,0.6843191528320313,0.632,0.724,749950
0,2025,corn,104,0.6639879150390625,0.62,0.688,5105050
1,2025,corn,111,0.6813451538085937,0.632,0.716,5105050
2,2025,corn,118,0.6871481323242188,0.64,0.72,5105050
3,2025,corn,125,0.7132354125976562,0.656,0.76,5105050
4,2025,corn,132,0.7187886352539062,0.66,0.764,5105050
5,2025,corn,139,0.6926280517578125,0.636,0.744,5105050
6,2025,corn,146,0.73290234375,0.676,0.78,5105050
7,2025,corn,153,0.7564522705078125,0.7,0.808,5105050
8,2025,corn,160,0.770372802734375,0.716,0.828,5105050
9,2025,corn,167,0.8362431640625,0.788,0.892,5105050
10,2025,corn,174,0.8686412353515625,0.828,0.928,5105050
11,2025,corn,181,0.912406982421875,0.892,0.952,5105050
12,2025,corn,188,0.9292728271484375,0.916,0.96,5105050
13,2025,corn,195,0.9223607177734375,0.908,0.956,5105050
14,2025,corn,202,0.9406881103515625,0.932,0.96,5105050
15,2025,corn,209,0.9455753784179688,0.94,0.968,5105050
16,2025,corn,216,0.924135986328125,0.912,0.956,5105050
17,2025,corn,223,0.93937451171875,0.932,0.96,5105050
18,2025,corn,230,0.9283786010742188,0.916,0.956,5105050
19,2025,corn,237,0.9057125244140625,0.9,0.948,5105050
20,2025,corn,244,0.9025587768554687,0.884,0.932,5105050
21,2025,corn,251,0.8723819580078125,0.848,0.908,5105050
22,2025,corn,258,0.824743408203125,0.784,0.872,5105050
23,2025,corn,265,0.7924908447265625,0.744,0.844,5105050
24,2025,corn,272,0.7592228393554687,0.708,0.808,5105050
25,2025,corn,286,0.7103389282226562,0.664,0.748,5105050
26,2025,corn,293,0.698389404296875,0.652,0.732,5105050
27,2025,corn,300,0.6811661987304688,0.64,0.712,5105050
28,2025,corn,307,0.6791197509765625,0.64,0.708,5105050
0,2025,soy,104,0.6666494140625,0.62,0.7,4038248
1,2025,soy,111,0.6847279663085938,0.628,0.728,4038248
2,2025,soy,118,0.685539794921875,0.632,0.724,4038248
3,2025,soy,125,0.71515869140625,0.652,0.768,4038248
4,2025,soy,132,0.7191766357421875,0.656,0.772,4038248
5,2025,soy,139,0.6931235961914063,0.632,0.748,4038248
6,2025,soy,146,0.7334599609375,0.68,0.78,4038248
7,2025,soy,153,0.7498289184570313,0.692,0.8,4038248
8,2025,soy,160,0.7600282592773437,0.708,0.816,4038248
9,2025,soy,167,0.812322509765625,0.764,0.864,4038248
10,2025,soy,174,0.8442528076171875,0.796,0.904,4038248
11,2025,soy,181,0.8907898559570312,0.856,0.94,4038248
12,2025,soy,188,0.9145704956054688,0.888,0.952,4038248
13,2025,soy,195,0.9094376831054688,0.888,0.948,4038248
14,2025,soy,202,0.9384600830078125,0.928,0.96,4038248
15,2025,soy,209,0.9478419799804687,0.94,0.968,4038248
16,2025,soy,216,0.9284861450195312,0.916,0.96,4038248
17,2025,soy,223,0.9477050170898438,0.94,0.964,4038248
18,2025,soy,230,0.941236328125,0.932,0.964,4038248
19,2025,soy,237,0.9294725952148437,0.92,0.956,4038248
20,2025,soy,244,0.9164781494140625,0.9,0.94,4038248
21,2025,soy,251,0.8825886840820313,0.86,0.912,4038248
22,2025,soy,258,0.818630615234375,0.78,0.864,4038248
23,2025,soy,265,0.7776393432617188,0.732,0.82,4038248
24,2025,soy,272,0.7428577270507812,0.696,0.784,4038248
25,2025,soy,286,0.7000682373046875,0.652,0.74,4038248
26,2025,soy,293,0.69416015625,0.644,0.732,4038248
27,2025,soy,300,0.6800985107421875,0.636,0.716,4038248
28,2025,soy,307,0.6795121459960938,0.636,0.712,4038248
0,2025,wheat,104,0.79028759765625,0.712,0.872,742575
1,2025,wheat,111,0.7901304931640625,0.724,0.864,742575
2,2025,wheat,118,0.8243583374023438,0.764,0.892,742575
3,2025,wheat,125,0.839623779296875,0.788,0.904,742575
4,2025,wheat,132,0.8378807983398437,0.784,0.9,742575
5,2025,wheat,139,0.8104697875976562,0.756,0.876,742575
6,2025,wheat,146,0.805296875,0.756,0.86,742575
7,2025,wheat,153,0.7893839111328125,0.736,0.836,742575
8,2025,wheat,160,0.7846033325195313,0.732,0.836,742575
9,2025,wheat,167,0.7684501342773438,0.708,0.82,742575
10,2025,wheat,174,0.7630613403320312,0.696,0.82,742575
11,2025,wheat,181,0.7641192626953125,0.692,0.828,742575
12,2025,wheat,188,0.7791734008789063,0.716,0.84,742575
13,2025,wheat,195,0.7851710205078125,0.724,0.844,742575
14,2025,wheat,202,0.7922749633789062,0.728,0.856,742575
15,2025,wheat,209,0.7980468139648438,0.732,0.864,742575
16,2025,wheat,216,0.7893207397460937,0.716,0.86,742575
17,2025,wheat,223,0.7932445678710938,0.728,0.86,742575
18,2025,wheat,230,0.7844561157226563,0.72,0.844,742575
19,2025,wheat,237,0.7279343872070313,0.652,0.796,742575
20,2025,wheat,244,0.7841807250976562,0.724,0.844,742575
21,2025,wheat,251,0.7737869873046875,0.716,0.832,742575
22,2025,wheat,258,0.7581640625,0.7,0.812,742575
23,2025,wheat,265,0.75132666015625,0.696,0.8,742575
24,2025,wheat,272,0.7443818359375,0.696,0.788,742575
25,2025,wheat,286,0.73050244140625,0.684,0.768,742575
26,2025,wheat,293,0.7176273193359375,0.668,0.756,742575
27,2025,wheat,300,0.7180257568359375,0.668,0.756,742575
28,2025,wheat,307,0.7120596923828125,0.664,0.748,742575
