crop,doy,posterior_mean,posterior_iqr_25,posterior_iqr_75,ci_05,ci_95
corn,97,0.68947,0.67544,0.70311,0.65582,0.72564
corn,98,0.68716,0.67249,0.70136,0.65326,0.71976
corn,98,0.68498,0.67138,0.69909,0.65274,0.71867
corn,99,0.68295,0.66854,0.69627,0.64856,0.71407
corn,100,0.68109,0.66744,0.69497,0.64728,0.71394
corn,101,0.67941,0.66501,0.69261,0.64615,0.71152
corn,101,0.67794,0.66454,0.69224,0.64415,0.71209
corn,102,0.67667,0.66333,0.69072,0.6434,0.70813
corn,103,0.67562,0.66197,0.6883,0.64287,0.70786
corn,104,0.67479,0.66163,0.68859,0.64269,0.70908
corn,104,0.67419,0.66024,0.68713,0.64083,0.70678
corn,105,0.67382,0.66081,0.68715,0.64028,0.7074
corn,106,0.67366,0.66033,0.68721,0.64126,0.70718
corn,106,0.67372,0.65926,0.68766,0.63897,0.70809
corn,107,0.674,0.66106,0.68738,0.64132,0.70612
corn,108,0.67447,0.6614,0.68653,0.64218,0.7072
corn,109,0.67513,0.66138,0.68722,0.64186,0.70855
corn,109,0.67596,0.66238,0.68877,0.64201,0.70925
corn,110,0.67695,0.66285,0.69021,0.64336,0.71062
corn,111,0.67808,0.66302,0.69099,0.64407,0.71205
corn,111,0.67934,0.66601,0.69362,0.64491,0.71191
corn,112,0.6807,0.66829,0.69465,0.64953,0.71498
corn,113,0.68215,0.66784,0.69565,0.64797,0.71486
corn,114,0.68366,0.66995,0.69673,0.65038,0.71751
corn,114,0.68523,0.67245,0.69964,0.65245,0.7195
corn,115,0.68683,0.67306,0.69997,0.65396,0.71954
corn,116,0.68844,0.67549,0.70236,0.65637,0.72152
corn,117,0.69005,0.67659,0.70393,0.65626,0.72286
corn,117,0.69164,0.678,0.70571,0.65815,0.72448
corn,118,0.69319,0.68035,0.70814,0.65991,0.72871
corn,119,0.69471,0.68158,0.70869,0.6598,0.72939
corn,119,0.69616,0.68216,0.71,0.66346,0.72914
corn,120,0.69756,0.68255,0.71143,0.66257,0.72908
corn,121,0.69888,0.6859,0.71282,0.66565,0.73196
corn,122,0.70012,0.68577,0.71398,0.66386,0.73417
corn,122,0.70128,0.68739,0.71485,0.66749,0.7336
corn,123,0.70237,0.68805,0.71512,0.66875,0.73597
corn,124,0.70337,0.68933,0.71635,0.67012,0.7365
corn,124,0.70429,0.68948,0.71881,0.67154,0.7406
corn,125,0.70514,0.69078,0.71844,0.67234,0.73831
corn,126,0.70593,0.69224,0.7195,0.6733,0.73947
corn,127,0.70666,0.69329,0.71977,0.67279,0.73826
corn,127,0.70734,0.69348,0.72138,0.67369,0.73974
corn,128,0.70798,0.69381,0.72176,0.67367,0.74033
corn,129,0.7086,0.69388,0.72131,0.67527,0.7417
corn,130,0.70921,0.69571,0.72222,0.67828,0.74194
corn,130,0.70982,0.69606,0.7238,0.67574,0.7431
corn,131,0.71044,0.6967,0.72347,0.67654,0.74278
corn,132,0.71109,0.69791,0.72544,0.67934,0.74648
corn,132,0.71179,0.69814,0.72487,0.67976,0.74417
corn,133,0.71254,0.69946,0.72742,0.68068,0.74681
corn,134,0.71336,0.69964,0.72743,0.67996,0.74675
corn,135,0.71425,0.70095,0.72741,0.68082,0.74645
corn,135,0.71523,0.70175,0.72841,0.68177,0.7484
corn,136,0.71631,0.70249,0.7294,0.68307,0.75028
corn,137,0.71749,0.70422,0.73226,0.68309,0.75083
corn,137,0.71877,0.70503,0.73274,0.68629,0.75239
corn,138,0.72016,0.70643,0.73223,0.68676,0.75245
corn,139,0.72166,0.70809,0.73507,0.68679,0.75415
corn,140,0.72326,0.71031,0.73649,0.68949,0.75683
corn,140,0.72496,0.71149,0.73795,0.6911,0.75645
corn,141,0.72676,0.71264,0.74024,0.69339,0.7582
corn,142,0.72865,0.71478,0.74161,0.69564,0.76054
corn,143,0.73062,0.71807,0.74476,0.69823,0.76339
corn,143,0.73267,0.71868,0.7467,0.69797,0.76609
corn,144,0.73478,0.72137,0.74823,0.70223,0.76853
corn,145,0.73695,0.72388,0.75064,0.70329,0.77096
corn,145,0.73916,0.72432,0.75281,0.7057,0.7721
corn,146,0.7414,0.7279,0.75473,0.70887,0.77399
corn,147,0.74367,0.7308,0.75732,0.71028,0.77745
corn,148,0.74597,0.73211,0.75995,0.71127,0.77945
corn,148,0.74827,0.735,0.76269,0.71614,0.78252
corn,149,0.75059,0.73653,0.7646,0.71691,0.78378
corn,150,0.75291,0.73821,0.76613,0.7187,0.78551
corn,150,0.75524,0.74131,0.7693,0.72137,0.78799
corn,151,0.75757,0.7425,0.77127,0.72343,0.79117
corn,152,0.75992,0.74545,0.77364,0.72684,0.7928
corn,153,0.76228,0.74865,0.77546,0.72996,0.79528
corn,153,0.76467,0.75134,0.77823,0.73021,0.79977
corn,154,0.76709,0.75263,0.78002,0.73226,0.79893
corn,155,0.76956,0.75678,0.78497,0.73662,0.80507
corn,156,0.77209,0.7587,0.78575,0.73968,0.8061
corn,156,0.77468,0.76065,0.78863,0.74137,0.80796
corn,157,0.77736,0.76404,0.79136,0.74241,0.8099
corn,158,0.78013,0.76601,0.79416,0.74664,0.81131
corn,158,0.78301,0.76975,0.79705,0.7499,0.81613
corn,159,0.78601,0.77185,0.79939,0.75131,0.81789
corn,160,0.78914,0.77465,0.80212,0.75433,0.82295
corn,161,0.7924,0.7789,0.80664,0.76049,0.82621
corn,161,0.79581,0.78227,0.80888,0.76424,0.82783
corn,162,0.79936,0.78578,0.81315,0.76568,0.83253
corn,163,0.80306,0.7891,0.81575,0.7693,0.83725
corn,163,0.8069,0.79286,0.82051,0.77377,0.83902
corn,164,0.81088,0.79821,0.82467,0.77777,0.84348
corn,165,0.81499,0.80089,0.82831,0.78149,0.84718
corn,166,0.81921,0.80552,0.83306,0.78618,0.85205
corn,166,0.82354,0.80902,0.83699,0.78964,0.85843
corn,167,0.82794,0.81442,0.84168,0.7939,0.86137
corn,168,0.83241,0.81774,0.84632,0.79847,0.86621
corn,169,0.83693,0.82302,0.85133,0.8033,0.87049
corn,169,0.84146,0.82812,0.85547,0.809,0.8743
corn,170,0.84598,0.83261,0.86015,0.81075,0.87896
corn,171,0.85048,0.8364,0.86511,0.81725,0.88484
corn,171,0.85492,0.84217,0.86938,0.82014,0.88877
corn,172,0.85928,0.84589,0.87347,0.82563,0.8932
corn,173,0.86355,0.85074,0.8773,0.83063,0.89801
corn,174,0.86769,0.85405,0.88149,0.83441,0.90109
corn,174,0.87169,0.8575,0.88406,0.83838,0.90637
corn,175,0.87553,0.86209,0.88891,0.84159,0.91051
corn,176,0.8792,0.8649,0.89263,0.84498,0.9126
corn,176,0.88269,0.86925,0.89748,0.85047,0.91631
corn,177,0.886,0.87183,0.89913,0.85119,0.91885
corn,178,0.88911,0.87576,0.90338,0.85546,0.92332
corn,179,0.89203,0.87894,0.90568,0.85966,0.92693
corn,179,0.89475,0.88149,0.90915,0.86171,0.9297
corn,180,0.89729,0.88305,0.91086,0.86309,0.92913
corn,181,0.89965,0.88672,0.91314,0.86744,0.93439
corn,182,0.90184,0.88918,0.91653,0.86882,0.93564
corn,182,0.90387,0.8908,0.91782,0.87108,0.93728
corn,183,0.90575,0.89202,0.92028,0.87114,0.94017
corn,184,0.9075,0.89423,0.92148,0.87536,0.94036
corn,184,0.90913,0.8959,0.92402,0.87655,0.94378
corn,185,0.91065,0.89689,0.92347,0.87729,0.94277
corn,186,0.91208,0.89827,0.92553,0.87884,0.94492
corn,187,0.91343,0.90006,0.92701,0.88079,0.94808
corn,187,0.91471,0.90006,0.92827,0.88142,0.94818
corn,188,0.91592,0.90287,0.92931,0.88321,0.94924
corn,189,0.91709,0.90292,0.93009,0.88244,0.95004
corn,189,0.91821,0.90541,0.93118,0.88598,0.95106
corn,190,0.91929,0.90445,0.93294,0.88516,0.95328
corn,191,0.92033,0.90729,0.93531,0.88819,0.955
corn,192,0.92134,0.9075,0.93486,0.88801,0.95425
corn,192,0.9223,0.90817,0.93589,0.88873,0.95566
corn,193,0.92323,0.9095,0.93794,0.88974,0.956
corn,194,0.92412,0.91047,0.93743,0.89085,0.95726
corn,195,0.92496,0.91136,0.93984,0.89121,0.95926
corn,195,0.92574,0.91175,0.93859,0.89257,0.95769
corn,196,0.92648,0.91253,0.94081,0.89161,0.96058
corn,197,0.92715,0.91319,0.94163,0.89387,0.95972
corn,197,0.92776,0.91434,0.9416,0.89514,0.96127
corn,198,0.9283,0.91619,0.94296,0.89602,0.96161
corn,199,0.92878,0.91498,0.94261,0.89674,0.96109
corn,200,0.92918,0.91581,0.94333,0.89643,0.96334
corn,200,0.92951,0.91644,0.94292,0.89743,0.96307
corn,201,0.92977,0.91632,0.94362,0.89778,0.96354
corn,202,0.92997,0.91694,0.94501,0.89749,0.96399
corn,202,0.9301,0.91679,0.94414,0.89678,0.96459
corn,203,0.93018,0.91598,0.94377,0.89616,0.9635
corn,204,0.9302,0.91565,0.94332,0.89525,0.96349
corn,205,0.93019,0.91702,0.94412,0.89634,0.9645
corn,205,0.93013,0.91618,0.94375,0.89609,0.96325
corn,206,0.93005,0.91634,0.94378,0.8966,0.96308
corn,207,0.92994,0.91634,0.94364,0.89671,0.96338
corn,208,0.92983,0.9154,0.94306,0.89629,0.9644
corn,208,0.92972,0.91678,0.94284,0.89636,0.96361
corn,209,0.9296,0.91632,0.94355,0.89523,0.96159
corn,210,0.9295,0.91618,0.94305,0.8978,0.96371
corn,210,0.92942,0.91547,0.9431,0.8973,0.96346
corn,211,0.92936,0.91432,0.94315,0.89687,0.96253
corn,212,0.92931,0.91664,0.94379,0.89651,0.96295
corn,213,0.9293,0.91442,0.94365,0.8967,0.96311
corn,213,0.92931,0.91581,0.94342,0.89592,0.96281
corn,214,0.92935,0.91636,0.94377,0.89603,0.96501
corn,215,0.9294,0.91567,0.94214,0.89516,0.96206
corn,215,0.92948,0.9153,0.94319,0.89541,0.96365
corn,216,0.92958,0.91474,0.94368,0.89542,0.96298
corn,217,0.92968,0.91614,0.94308,0.89668,0.96378
corn,218,0.92978,0.91632,0.9427,0.89626,0.96238
corn,218,0.92989,0.9159,0.9443,0.89682,0.96335
corn,219,0.92999,0.91679,0.94338,0.8972,0.96276
corn,220,0.93007,0.91604,0.94394,0.89676,0.9639
corn,221,0.93014,0.91594,0.94385,0.89629,0.96488
corn,221,0.93017,0.91583,0.94369,0.89595,0.96253
corn,222,0.93018,0.91584,0.944,0.89734,0.96246
corn,223,0.93015,0.91622,0.94367,0.89683,0.96385
corn,223,0.93007,0.91719,0.94436,0.89821,0.96446
corn,224,0.92995,0.91694,0.94384,0.89665,0.96365
corn,225,0.92979,0.91566,0.94417,0.89513,0.96436
corn,226,0.92957,0.91578,0.94457,0.89653,0.96308
corn,226,0.92929,0.91595,0.94436,0.89635,0.96366
corn,227,0.92896,0.91513,0.94264,0.89574,0.96277
corn,228,0.92857,0.91439,0.94147,0.89589,0.96157
corn,228,0.92811,0.91465,0.94227,0.89398,0.96192
corn,229,0.9276,0.91401,0.9423,0.89452,0.96117
corn,230,0.92701,0.91346,0.94145,0.89324,0.96354
corn,231,0.92636,0.91208,0.94064,0.89317,0.96159
corn,231,0.92564,0.91058,0.93967,0.89145,0.95944
corn,232,0.92484,0.91098,0.93891,0.8928,0.9585
corn,233,0.92396,0.91015,0.93888,0.89223,0.95739
corn,234,0.923,0.9097,0.93677,0.88979,0.95571
corn,234,0.92196,0.90859,0.93575,0.88839,0.95663
corn,235,0.92082,0.90783,0.93478,0.88735,0.95462
corn,236,0.91959,0.90544,0.93262,0.88459,0.953
corn,236,0.91826,0.90457,0.93182,0.88313,0.95085
corn,237,0.91683,0.90237,0.9296,0.8842,0.95131
corn,238,0.91529,0.90174,0.92956,0.88198,0.95076
corn,239,0.91365,0.89945,0.92816,0.87943,0.94742
corn,239,0.91189,0.89795,0.92634,0.87872,0.94639
corn,240,0.91002,0.89648,0.92428,0.87644,0.94439
corn,241,0.90804,0.8945,0.92102,0.87458,0.94271
corn,241,0.90595,0.89222,0.91951,0.87228,0.9401
corn,242,0.90375,0.88943,0.91664,0.869,0.93698
corn,243,0.90145,0.88824,0.91439,0.86765,0.93193
corn,244,0.89903,0.88532,0.91267,0.8657,0.93174
corn,244,0.89652,0.88283,0.91106,0.86185,0.9297
corn,245,0.89392,0.87936,0.90728,0.86055,0.92883
corn,246,0.89122,0.87739,0.9047,0.85599,0.92454
corn,247,0.88844,0.87527,0.90219,0.85691,0.92178
corn,247,0.88559,0.87156,0.89924,0.85256,0.91728
corn,248,0.88267,0.8689,0.89622,0.84958,0.91625
corn,249,0.87967,0.86478,0.89324,0.84604,0.91423
corn,249,0.87662,0.86188,0.88982,0.84178,0.90986
corn,250,0.87351,0.86054,0.88745,0.84106,0.90881
corn,251,0.87035,0.85647,0.8835,0.83702,0.90453
corn,252,0.86714,0.85324,0.88044,0.83414,0.90029
corn,252,0.86388,0.85068,0.87811,0.82954,0.89826
corn,253,0.86057,0.84612,0.87481,0.82733,0.89439
corn,254,0.85721,0.84403,0.87088,0.82298,0.89028
corn,254,0.8538,0.83982,0.86724,0.82044,0.88704
corn,255,0.85033,0.83643,0.86405,0.81796,0.88486
corn,256,0.8468,0.83279,0.86032,0.81135,0.88039
corn,257,0.84322,0.82854,0.85613,0.80837,0.87643
corn,257,0.83957,0.82611,0.85303,0.80633,0.87442
corn,258,0.83585,0.82213,0.85028,0.80224,0.86957
corn,259,0.83207,0.81862,0.84526,0.79971,0.86518
corn,260,0.82822,0.81455,0.84129,0.79546,0.86048
corn,260,0.8243,0.80977,0.83669,0.78927,0.85816
corn,261,0.82031,0.80667,0.83421,0.78831,0.8545
corn,262,0.81626,0.803,0.83046,0.78382,0.84805
corn,262,0.81216,0.79772,0.82643,0.77878,0.84575
corn,263,0.80802,0.79403,0.82182,0.77443,0.84182
corn,264,0.80384,0.79049,0.81806,0.77154,0.83767
corn,265,0.79964,0.78624,0.81342,0.76663,0.83324
corn,265,0.79544,0.78163,0.8088,0.76082,0.82986
corn,266,0.79125,0.77749,0.80393,0.75726,0.82395
corn,267,0.7871,0.77353,0.79997,0.75241,0.82134
corn,267,0.783,0.76911,0.79554,0.74907,0.81619
corn,268,0.77897,0.76536,0.79254,0.74507,0.81123
corn,269,0.77504,0.76023,0.7881,0.74097,0.80877
corn,270,0.77122,0.7576,0.78476,0.73707,0.80471
corn,270,0.76752,0.75361,0.78206,0.73265,0.80081
corn,271,0.76398,0.74953,0.77788,0.72938,0.79792
corn,272,0.7606,0.74679,0.77475,0.7263,0.79239
corn,273,0.75739,0.74432,0.77176,0.72548,0.7907
corn,273,0.75436,0.73931,0.76776,0.7213,0.78707
corn,274,0.75151,0.7371,0.76509,0.71774,0.78473
corn,275,0.74884,0.7361,0.76391,0.71594,0.78434
corn,275,0.74634,0.73169,0.76096,0.71282,0.77856
corn,276,0.74401,0.73026,0.75859,0.70996,0.77863
corn,277,0.74183,0.72893,0.75636,0.70988,0.77475
corn,278,0.73979,0.72597,0.75302,0.70523,0.772
corn,278,0.73785,0.72479,0.75279,0.70326,0.77292
corn,279,0.73601,0.72253,0.74987,0.70172,0.77045
corn,280,0.73424,0.7192,0.74784,0.69926,0.76838
corn,280,0.73251,0.71928,0.74649,0.70062,0.76644
corn,281,0.73079,0.71707,0.74441,0.69787,0.76232
corn,282,0.72906,0.71567,0.74163,0.69652,0.76118
corn,283,0.72731,0.71406,0.74087,0.69281,0.76001
corn,283,0.72549,0.71127,0.73902,0.69098,0.759
corn,284,0.7236,0.70907,0.7366,0.68993,0.75569
corn,285,0.72164,0.70833,0.7358,0.68906,0.75363
corn,286,0.71957,0.70627,0.73393,0.68828,0.75166
corn,286,0.71741,0.70489,0.73191,0.68479,0.75128
corn,287,0.71516,0.70148,0.72955,0.68156,0.75131
corn,288,0.71282,0.69855,0.72621,0.67895,0.74616
corn,288,0.7104,0.69588,0.72404,0.67755,0.74474
corn,289,0.70793,0.69389,0.72149,0.67328,0.74067
corn,290,0.70542,0.69239,0.71907,0.67309,0.73798
corn,291,0.7029,0.68896,0.71662,0.66795,0.73549
corn,291,0.70039,0.68718,0.71394,0.66636,0.73368
corn,292,0.69794,0.68414,0.71203,0.66515,0.73178
corn,293,0.69557,0.68314,0.70956,0.66376,0.72787
corn,293,0.69331,0.6795,0.70767,0.65869,0.72564
corn,294,0.69119,0.67645,0.70423,0.65532,0.72493
corn,295,0.68923,0.6743,0.70299,0.65503,0.72138
corn,296,0.68746,0.67447,0.70123,0.6562,0.72108
corn,296,0.6859,0.67179,0.69938,0.65302,0.7192
corn,297,0.68455,0.67053,0.69912,0.65124,0.71898
corn,298,0.68342,0.66968,0.69678,0.65011,0.71643
corn,299,0.6825,0.6693,0.69669,0.64952,0.71711
corn,299,0.68179,0.66855,0.69592,0.64828,0.71515
corn,300,0.68126,0.66771,0.69457,0.64641,0.71463
corn,301,0.68089,0.66796,0.69451,0.64812,0.71324
corn,301,0.68065,0.66747,0.69558,0.64772,0.71569
corn,302,0.6805,0.66818,0.69479,0.64707,0.71562
corn,303,0.68039,0.66692,0.69475,0.64792,0.7125
corn,304,0.68027,0.66612,0.69497,0.64633,0.71478
corn,304,0.6801,0.66581,0.6935,0.64582,0.71288
corn,305,0.67982,0.66646,0.69362,0.64573,0.71424
corn,306,0.67938,0.66551,0.6937,0.64431,0.7134
corn,306,0.67873,0.66411,0.69177,0.64499,0.71037
corn,307,0.67783,0.66358,0.6906,0.64394,0.71156
corn,308,0.67663,0.66401,0.69067,0.64475,0.70999
corn,309,0.6751,0.66083,0.68809,0.64166,0.70738
corn,309,0.67323,0.65887,0.68696,0.6393,0.7061
corn,310,0.67099,0.65795,0.6847,0.63942,0.70419
corn,311,0.66838,0.6547,0.68209,0.63643,0.70259
corn,312,0.6654,0.65117,0.67853,0.63115,0.69929
corn,312,0.66208,0.64924,0.67652,0.62913,0.69571
corn,313,0.65844,0.64386,0.67255,0.62472,0.69363
soy,97,0.68935,0.67609,0.70218,0.65762,0.72349
soy,98,0.68736,0.67352,0.70077,0.65533,0.71816
soy,98,0.6855,0.67266,0.69884,0.65508,0.7173
soy,99,0.68377,0.67017,0.69634,0.65128,0.7132
soy,100,0.68219,0.66932,0.69526,0.65031,0.71318
soy,101,0.68077,0.66718,0.69321,0.64942,0.71107
soy,101,0.67953,0.66688,0.69299,0.64761,0.71179
soy,102,0.67848,0.66588,0.69173,0.64707,0.70809
soy,103,0.67761,0.66473,0.68962,0.64666,0.7081
soy,104,0.67695,0.6645,0.68999,0.64667,0.70931
soy,104,0.67648,0.66327,0.68866,0.64506,0.70724
soy,105,0.67621,0.66389,0.68879,0.64458,0.70791
soy,106,0.67615,0.66359,0.68892,0.64561,0.70779
soy,106,0.67628,0.66263,0.68943,0.64348,0.70874
soy,107,0.67661,0.66444,0.68928,0.64579,0.7069
soy,108,0.67711,0.66474,0.68853,0.64668,0.70798
soy,109,0.6778,0.66481,0.68918,0.64636,0.70934
soy,109,0.67864,0.6658,0.69068,0.64658,0.71009
soy,110,0.67963,0.66636,0.69212,0.64787,0.71142
soy,111,0.68075,0.66659,0.69287,0.6487,0.71281
soy,111,0.68199,0.66942,0.69553,0.64948,0.7127
soy,112,0.68333,0.67164,0.69648,0.65381,0.71568
soy,113,0.68476,0.67126,0.69746,0.65257,0.71567
soy,114,0.68625,0.67328,0.69861,0.65473,0.71822
soy,114,0.68778,0.67573,0.70139,0.65681,0.72006
soy,115,0.68935,0.67634,0.70174,0.65832,0.72018
soy,116,0.69093,0.67866,0.7041,0.66055,0.7221
soy,117,0.6925,0.67978,0.70559,0.66062,0.72343
soy,117,0.69405,0.68115,0.70736,0.66247,0.725
soy,118,0.69558,0.68343,0.70966,0.66416,0.72902
soy,119,0.69705,0.68463,0.71026,0.66414,0.72979
soy,119,0.69847,0.68526,0.71151,0.6676,0.72962
soy,120,0.69983,0.68567,0.71288,0.66681,0.72963
soy,121,0.70111,0.68888,0.71424,0.66971,0.7323
soy,122,0.70232,0.68878,0.71545,0.66807,0.73437
soy,122,0.70344,0.69033,0.71621,0.67156,0.73403
soy,123,0.70449,0.691,0.71656,0.67279,0.73622
soy,124,0.70546,0.6922,0.71773,0.67409,0.73675
soy,124,0.70634,0.69237,0.72009,0.67543,0.74067
soy,125,0.70716,0.69357,0.71973,0.67618,0.73846
soy,126,0.70791,0.695,0.72073,0.67715,0.73949
soy,127,0.7086,0.696,0.72098,0.67662,0.7384
soy,127,0.70925,0.69614,0.72244,0.67742,0.73982
soy,128,0.70985,0.69645,0.72285,0.67739,0.74043
soy,129,0.71043,0.69662,0.72244,0.67901,0.74167
soy,130,0.71099,0.69824,0.72323,0.68175,0.74188
soy,130,0.71155,0.69858,0.72478,0.67935,0.74302
soy,131,0.71212,0.69914,0.72439,0.68011,0.74257
soy,132,0.71271,0.70028,0.72626,0.68272,0.74606
soy,132,0.71333,0.70042,0.72569,0.68309,0.74389
soy,133,0.714,0.70167,0.72806,0.6839,0.74644
soy,134,0.71472,0.70177,0.72804,0.68313,0.7462
soy,135,0.71551,0.70293,0.72792,0.68395,0.74593
soy,135,0.71637,0.70363,0.72882,0.68478,0.74764
soy,136,0.71731,0.70425,0.72969,0.68592,0.74938
soy,137,0.71833,0.70581,0.73229,0.68581,0.74985
soy,137,0.71944,0.70647,0.73267,0.68876,0.75118
soy,138,0.72064,0.7077,0.73203,0.68913,0.75115
soy,139,0.72193,0.70913,0.73456,0.68903,0.7526
soy,140,0.72331,0.71112,0.73579,0.69146,0.75499
soy,140,0.72477,0.71204,0.73702,0.69279,0.75448
soy,141,0.72632,0.71299,0.73905,0.69484,0.75602
soy,142,0.72794,0.71487,0.74018,0.69676,0.75804
soy,143,0.72962,0.71777,0.74296,0.69902,0.76057
soy,143,0.73136,0.71816,0.74462,0.69859,0.76291
soy,144,0.73315,0.7205,0.74586,0.70243,0.76501
soy,145,0.73499,0.72267,0.74792,0.70322,0.76709
soy,145,0.73685,0.72283,0.74974,0.70527,0.76794
soy,146,0.73872,0.72598,0.75131,0.70802,0.76947
soy,147,0.74061,0.72845,0.75349,0.70908,0.7725
soy,148,0.7425,0.72941,0.75571,0.70973,0.77409
soy,148,0.74438,0.73184,0.75799,0.71406,0.77674
soy,149,0.74625,0.73297,0.75947,0.71444,0.77755
soy,150,0.74809,0.73423,0.76057,0.71582,0.77886
soy,150,0.74992,0.73677,0.76319,0.71795,0.78082
soy,151,0.75172,0.73752,0.76464,0.71947,0.78344
soy,152,0.7535,0.73986,0.76646,0.72225,0.78452
soy,153,0.75527,0.7424,0.76768,0.72473,0.78641
soy,153,0.75702,0.74439,0.76981,0.72454,0.79018
soy,154,0.75876,0.74512,0.77096,0.72592,0.7888
soy,155,0.7605,0.7485,0.77504,0.72943,0.79407
soy,156,0.76226,0.7496,0.77521,0.73168,0.79433
soy,156,0.76404,0.75079,0.77721,0.7326,0.79543
soy,157,0.76587,0.75323,0.77915,0.73284,0.7967
soy,158,0.76775,0.75442,0.78099,0.73606,0.79725
soy,158,0.76969,0.75716,0.78291,0.73835,0.80096
soy,159,0.77172,0.75834,0.78441,0.7389,0.80179
soy,160,0.77385,0.76025,0.78613,0.74085,0.80565
soy,161,0.77609,0.76341,0.78955,0.74586,0.80799
soy,161,0.77846,0.76566,0.79076,0.74855,0.80866
soy,162,0.78096,0.76819,0.79392,0.74921,0.81237
soy,163,0.7836,0.77053,0.7956,0.75175,0.81576
soy,163,0.7864,0.77329,0.79912,0.75505,0.81659
soy,164,0.78935,0.77729,0.80229,0.75801,0.82005
soy,165,0.79245,0.77927,0.80507,0.76087,0.82285
soy,166,0.79571,0.78263,0.80882,0.76451,0.82678
soy,166,0.79911,0.78548,0.81193,0.767,0.83183
soy,167,0.80266,0.79001,0.81554,0.77063,0.83437
soy,168,0.80633,0.79246,0.81946,0.77435,0.83814
soy,169,0.81012,0.79699,0.82363,0.77873,0.8416
soy,169,0.814,0.80145,0.82718,0.78321,0.84485
soy,170,0.81797,0.80544,0.83131,0.78475,0.84903
soy,171,0.82199,0.80869,0.83575,0.79063,0.85442
soy,171,0.82605,0.81396,0.83976,0.79323,0.85804
soy,172,0.83013,0.81756,0.84348,0.79825,0.86241
soy,173,0.8342,0.82212,0.84731,0.8031,0.86664
soy,174,0.83825,0.82542,0.85136,0.80695,0.86955
soy,174,0.84224,0.82889,0.85384,0.8107,0.87474
soy,175,0.84617,0.8334,0.85892,0.81412,0.87884
soy,176,0.85001,0.83661,0.86263,0.81786,0.8814
soy,176,0.85375,0.84096,0.86766,0.82333,0.88557
soy,177,0.85737,0.84402,0.86971,0.82468,0.8883
soy,178,0.86086,0.84825,0.87434,0.82926,0.8932
soy,179,0.86422,0.8519,0.87706,0.83366,0.89721
soy,179,0.86743,0.8548,0.881,0.83615,0.90014
soy,180,0.8705,0.85709,0.88333,0.83803,0.90066
soy,181,0.87343,0.86127,0.88621,0.84292,0.90614
soy,182,0.87622,0.86436,0.89003,0.84517,0.90802
soy,182,0.87888,0.86663,0.89214,0.84808,0.91056
soy,183,0.88141,0.86842,0.89512,0.84879,0.91389
soy,184,0.88382,0.87124,0.89701,0.85343,0.915
soy,184,0.88612,0.87354,0.9002,0.85526,0.91882
soy,185,0.88833,0.87543,0.90037,0.85675,0.91866
soy,186,0.89045,0.8775,0.90306,0.85918,0.9214
soy,187,0.8925,0.87981,0.90538,0.86167,0.92507
soy,187,0.89448,0.88069,0.90725,0.86291,0.92595
soy,188,0.89641,0.88404,0.90904,0.86558,0.92796
soy,189,0.8983,0.88492,0.91058,0.8657,0.92937
soy,189,0.90015,0.88805,0.91234,0.86974,0.93124
soy,190,0.90196,0.88793,0.9149,0.8698,0.93412
soy,191,0.90375,0.89152,0.91788,0.87337,0.93646
soy,192,0.90551,0.89251,0.91823,0.87408,0.93644
soy,192,0.90724,0.89392,0.92009,0.87563,0.93863
soy,193,0.90895,0.89602,0.92281,0.87734,0.93984
soy,194,0.91062,0.89775,0.92323,0.87923,0.94181
soy,195,0.91225,0.89942,0.9263,0.88035,0.94484
soy,195,0.91384,0.90051,0.92594,0.88246,0.94409
soy,196,0.91538,0.90224,0.92887,0.88253,0.94755
soy,197,0.91686,0.90369,0.93055,0.88539,0.94758
soy,197,0.91827,0.90561,0.93137,0.88749,0.94991
soy,198,0.91961,0.90811,0.93346,0.88915,0.95106
soy,199,0.92088,0.90784,0.93393,0.89062,0.95138
soy,200,0.92205,0.90944,0.93537,0.89117,0.95429
soy,200,0.92315,0.91082,0.93581,0.89287,0.95483
soy,201,0.92415,0.91147,0.93723,0.89397,0.95601
soy,202,0.92506,0.91275,0.93925,0.89439,0.95717
soy,202,0.92588,0.91332,0.93912,0.89443,0.95846
soy,203,0.92661,0.91322,0.93943,0.89449,0.95807
soy,204,0.92726,0.9135,0.93964,0.89427,0.95869
soy,205,0.92783,0.91542,0.94099,0.89587,0.96025
soy,205,0.92834,0.91517,0.94119,0.89623,0.95961
soy,206,0.92877,0.91584,0.94175,0.89718,0.95995
soy,207,0.92916,0.91626,0.94209,0.89781,0.9607
soy,208,0.92951,0.91588,0.94197,0.8979,0.96213
soy,208,0.92982,0.91764,0.9422,0.8983,0.96182
soy,209,0.93011,0.91757,0.94329,0.89763,0.96033
soy,210,0.93039,0.91779,0.94317,0.90047,0.9627
soy,210,0.93066,0.91748,0.94356,0.90036,0.96288
soy,211,0.93094,0.91675,0.94393,0.90027,0.96227
soy,212,0.93124,0.91927,0.94486,0.90029,0.96311
soy,213,0.93154,0.91748,0.94507,0.90076,0.96352
soy,213,0.93187,0.91915,0.94522,0.90036,0.96345
soy,214,0.93223,0.92,0.94588,0.90075,0.96592
soy,215,0.9326,0.91965,0.94465,0.90025,0.96344
soy,215,0.933,0.91956,0.94593,0.90095,0.96532
soy,216,0.93342,0.91936,0.94677,0.90123,0.96502
soy,217,0.93386,0.9211,0.94655,0.9027,0.9661
soy,218,0.93431,0.92161,0.94654,0.90258,0.96522
soy,218,0.93476,0.92153,0.94838,0.90348,0.96632
soy,219,0.93521,0.92274,0.94786,0.90425,0.96615
soy,220,0.93565,0.92237,0.94879,0.90424,0.96757
soy,221,0.93608,0.92266,0.94894,0.90417,0.96887
soy,221,0.93647,0.92291,0.94929,0.9042,0.96695
soy,222,0.93684,0.92324,0.94989,0.90585,0.96733
soy,223,0.93717,0.92405,0.94994,0.90568,0.96911
soy,223,0.93745,0.92526,0.95093,0.90726,0.97
soy,224,0.93768,0.92532,0.95081,0.90613,0.96954
soy,225,0.93785,0.92444,0.95147,0.90521,0.97061
soy,226,0.93796,0.9249,0.95209,0.90676,0.96961
soy,226,0.93801,0.92537,0.95228,0.90697,0.97053
soy,227,0.93799,0.92496,0.95094,0.90658,0.96999
soy,228,0.93791,0.92453,0.94999,0.90715,0.9692
soy,228,0.93775,0.92509,0.95114,0.90544,0.96976
soy,229,0.93752,0.92466,0.95139,0.90621,0.96927
soy,230,0.93722,0.92439,0.95087,0.90524,0.97164
soy,231,0.93685,0.92333,0.95035,0.9055,0.97021
soy,231,0.9364,0.92207,0.94978,0.9041,0.96825
soy,232,0.93588,0.92282,0.94914,0.90542,0.96771
soy,233,0.93528,0.92224,0.94936,0.90526,0.96685
soy,234,0.93461,0.92193,0.94753,0.90331,0.96555
soy,234,0.93385,0.92123,0.94677,0.90212,0.96625
soy,235,0.933,0.92078,0.94625,0.90143,0.96505
soy,236,0.93206,0.91873,0.94448,0.89897,0.96373
soy,236,0.93103,0.91808,0.94386,0.89798,0.96197
soy,237,0.9299,0.91627,0.94202,0.89907,0.96236
soy,238,0.92867,0.91596,0.94214,0.89715,0.96221
soy,239,0.92732,0.91384,0.94096,0.89505,0.95928
soy,239,0.92586,0.91262,0.93955,0.89456,0.95823
soy,240,0.92427,0.91139,0.93778,0.89259,0.95669
soy,241,0.92256,0.90964,0.93477,0.89113,0.95538
soy,241,0.92072,0.90764,0.93365,0.88878,0.95302
soy,242,0.91873,0.90526,0.93096,0.88587,0.95004
soy,243,0.91661,0.90414,0.92879,0.8846,0.94548
soy,244,0.91435,0.90139,0.92724,0.88295,0.94531
soy,244,0.91194,0.89906,0.92568,0.87912,0.94326
soy,245,0.90939,0.89573,0.92206,0.87773,0.94232
soy,246,0.90669,0.89371,0.91942,0.87352,0.93798
soy,247,0.90385,0.89139,0.91675,0.87405,0.93527
soy,247,0.90087,0.88762,0.91371,0.86957,0.93089
soy,248,0.89775,0.88476,0.91064,0.86669,0.92945
soy,249,0.8945,0.88044,0.90731,0.86256,0.92705
soy,249,0.89113,0.87711,0.90365,0.85819,0.92246
soy,250,0.88762,0.87527,0.90084,0.85712,0.92104
soy,251,0.884,0.87088,0.8964,0.85252,0.91615
soy,252,0.88026,0.86716,0.89274,0.84913,0.91154
soy,252,0.87641,0.86399,0.8898,0.84397,0.90883
soy,253,0.87246,0.85879,0.88599,0.84111,0.9045
soy,254,0.86841,0.85597,0.88126,0.83608,0.89975
soy,254,0.86425,0.85106,0.87698,0.83273,0.8957
soy,255,0.86001,0.84686,0.87287,0.82939,0.8927
soy,256,0.85568,0.84243,0.86835,0.82222,0.88741
soy,257,0.85126,0.83737,0.86343,0.8182,0.88263
soy,257,0.84677,0.83402,0.85946,0.81531,0.87968
soy,258,0.84219,0.82924,0.85586,0.81041,0.87395
soy,259,0.83755,0.82482,0.85003,0.80711,0.86886
soy,260,0.83285,0.81989,0.84518,0.80191,0.86322
soy,260,0.82809,0.81434,0.83979,0.79502,0.86004
soy,261,0.82328,0.81041,0.83642,0.79311,0.85553
soy,262,0.81844,0.80596,0.83186,0.78786,0.84847
soy,262,0.81357,0.79996,0.82704,0.7821,0.84527
soy,263,0.80869,0.79548,0.82176,0.77702,0.84061
soy,264,0.80382,0.79122,0.81724,0.77333,0.83576
soy,265,0.79897,0.78633,0.81196,0.76783,0.83071
soy,265,0.79416,0.78113,0.80677,0.76151,0.82664
soy,266,0.78941,0.77642,0.80139,0.75732,0.82027
soy,267,0.78474,0.77194,0.79689,0.75199,0.81707
soy,267,0.78018,0.76709,0.79203,0.74815,0.81152
soy,268,0.77574,0.76289,0.78855,0.74374,0.8062
soy,269,0.77145,0.75745,0.78378,0.73929,0.80331
soy,270,0.76732,0.75446,0.78009,0.7351,0.79894
soy,270,0.76338,0.75026,0.7771,0.73051,0.79479
soy,271,0.75964,0.74598,0.77276,0.72697,0.79167
soy,272,0.75611,0.74306,0.76943,0.72372,0.78611
soy,273,0.75279,0.74046,0.76635,0.72267,0.78424
soy,273,0.74971,0.73551,0.76236,0.71853,0.78058
soy,274,0.74685,0.73325,0.75967,0.71496,0.77822
soy,275,0.74422,0.73219,0.75844,0.71315,0.77777
soy,275,0.7418,0.72797,0.75561,0.71017,0.77223
soy,276,0.73959,0.7266,0.75335,0.70745,0.77226
soy,277,0.73756,0.72538,0.75129,0.70739,0.76863
soy,278,0.7357,0.72265,0.7482,0.7031,0.76613
soy,278,0.73398,0.72164,0.74806,0.70134,0.76708
soy,279,0.73237,0.71965,0.74545,0.69999,0.76487
soy,280,0.73084,0.71664,0.74369,0.69781,0.76307
soy,280,0.72937,0.71687,0.74257,0.69927,0.76141
soy,281,0.72793,0.71497,0.74079,0.69684,0.7577
soy,282,0.72647,0.71384,0.73833,0.69575,0.75679
soy,283,0.72498,0.71248,0.73779,0.69242,0.75585
soy,283,0.72343,0.70999,0.73619,0.69083,0.75506
soy,284,0.7218,0.70808,0.73408,0.69003,0.75208
soy,285,0.72006,0.70752,0.73343,0.68932,0.75026
soy,286,0.71822,0.70568,0.73175,0.68866,0.74848
soy,286,0.71625,0.70444,0.72996,0.68548,0.74823
soy,287,0.71417,0.70125,0.72775,0.68244,0.7483
soy,288,0.71198,0.69852,0.72462,0.67999,0.74347
soy,288,0.70969,0.69601,0.72257,0.67867,0.7421
soy,289,0.70731,0.69405,0.72014,0.67462,0.73822
soy,290,0.70488,0.69255,0.71778,0.67432,0.7356
soy,291,0.70242,0.68925,0.71537,0.66947,0.73318
soy,291,0.69996,0.68748,0.71271,0.66783,0.73143
soy,292,0.69754,0.68451,0.71083,0.66656,0.72949
soy,293,0.69519,0.68342,0.70839,0.66518,0.72569
soy,293,0.69294,0.67995,0.7065,0.66025,0.72349
soy,294,0.69084,0.67692,0.7032,0.65697,0.72268
soy,295,0.68891,0.6748,0.7019,0.65664,0.71932
soy,296,0.68717,0.67489,0.70012,0.65769,0.71891
soy,296,0.68565,0.67235,0.69838,0.65461,0.71707
soy,297,0.68435,0.67117,0.6981,0.65293,0.71683
soy,298,0.6833,0.67031,0.69593,0.65186,0.71444
soy,299,0.68247,0.67001,0.69588,0.65131,0.71514
soy,299,0.68187,0.66939,0.6952,0.6502,0.71341
soy,300,0.68146,0.66866,0.69401,0.64858,0.71295
soy,301,0.68123,0.66902,0.69404,0.6503,0.71181
soy,301,0.68113,0.66868,0.69518,0.65003,0.71424
soy,302,0.68111,0.66951,0.6946,0.64959,0.71426
soy,303,0.68114,0.66845,0.69474,0.65047,0.7114
soy,304,0.68115,0.66778,0.69504,0.64918,0.71371
soy,304,0.68107,0.66759,0.6937,0.64872,0.71205
soy,305,0.68086,0.66825,0.69389,0.6487,0.71335
soy,306,0.68045,0.66735,0.69396,0.64731,0.71256
soy,306,0.67978,0.666,0.69212,0.64796,0.70966
soy,307,0.6788,0.66533,0.69087,0.64679,0.71064
soy,308,0.67746,0.66553,0.69069,0.64734,0.70895
soy,309,0.67573,0.66228,0.688,0.64419,0.70617
soy,309,0.67356,0.66004,0.68656,0.64154,0.70458
soy,310,0.67095,0.65864,0.6839,0.64111,0.70231
soy,311,0.66789,0.655,0.68085,0.63775,0.7002
soy,312,0.66438,0.65092,0.67676,0.63204,0.69639
soy,312,0.66045,0.64833,0.67407,0.62935,0.69217
soy,313,0.65612,0.64236,0.66946,0.62429,0.68935
wheat,97,0.74982,0.73295,0.76567,0.70985,0.79288
wheat,98,0.7506,0.7332,0.76772,0.71033,0.78956
wheat,98,0.75138,0.73498,0.76822,0.71292,0.79143
wheat,99,0.75217,0.73469,0.76817,0.71041,0.78961
wheat,100,0.75295,0.73654,0.76916,0.71298,0.79177
wheat,101,0.75374,0.73634,0.76982,0.71407,0.79168
wheat,101,0.75453,0.73862,0.77179,0.71437,0.79514
wheat,102,0.75533,0.73922,0.77197,0.71564,0.79298
wheat,103,0.75612,0.73998,0.77132,0.71621,0.79481
wheat,104,0.75693,0.74129,0.77362,0.71874,0.79779
wheat,104,0.75775,0.74154,0.77302,0.71834,0.7966
wheat,105,0.75859,0.74276,0.7743,0.7184,0.79845
wheat,106,0.75945,0.74377,0.77553,0.72066,0.79951
wheat,106,0.76035,0.7429,0.77702,0.7193,0.80149
wheat,107,0.76129,0.74598,0.77727,0.72248,0.79932
wheat,108,0.76228,0.74651,0.77677,0.72441,0.80071
wheat,109,0.76333,0.74687,0.77765,0.72342,0.80365
wheat,109,0.76444,0.74813,0.77975,0.72426,0.80502
wheat,110,0.76563,0.74876,0.78196,0.7254,0.8056
wheat,111,0.76689,0.74888,0.78234,0.72591,0.80815
wheat,111,0.76824,0.75219,0.78556,0.72665,0.80691
wheat,112,0.76967,0.75488,0.78638,0.73245,0.81084
wheat,113,0.77119,0.75448,0.78716,0.73071,0.81007
wheat,114,0.77279,0.75608,0.78881,0.73221,0.81293
wheat,114,0.77447,0.75928,0.79155,0.73518,0.81461
wheat,115,0.77622,0.7595,0.79193,0.73713,0.81528
wheat,116,0.77803,0.76263,0.79422,0.73942,0.81704
wheat,117,0.77989,0.76395,0.79646,0.73998,0.81881
wheat,117,0.78178,0.76583,0.79875,0.74238,0.82136
wheat,118,0.78368,0.76785,0.80142,0.7443,0.82576
wheat,119,0.78558,0.76956,0.80188,0.7444,0.82737
wheat,119,0.78746,0.7711,0.8039,0.74773,0.82766
wheat,120,0.7893,0.7716,0.80598,0.74736,0.82762
wheat,121,0.79107,0.77507,0.80774,0.75129,0.83026
wheat,122,0.79276,0.77529,0.80961,0.74894,0.83316
wheat,122,0.79435,0.7773,0.81004,0.75345,0.83326
wheat,123,0.79581,0.77846,0.81144,0.75523,0.83612
wheat,124,0.79714,0.78045,0.81272,0.75683,0.83614
wheat,124,0.79832,0.78102,0.81586,0.75915,0.84265
wheat,125,0.79935,0.78186,0.81543,0.76021,0.83915
wheat,126,0.80022,0.78426,0.81654,0.76082,0.84011
wheat,127,0.80092,0.78482,0.81676,0.76075,0.8387
wheat,127,0.80146,0.78478,0.8184,0.76079,0.84017
wheat,128,0.80185,0.78495,0.81823,0.76007,0.84163
wheat,129,0.8021,0.78482,0.81683,0.76184,0.84202
wheat,130,0.80221,0.78587,0.81755,0.76454,0.84122
wheat,130,0.80221,0.78555,0.81863,0.76014,0.84299
wheat,131,0.80211,0.78532,0.81801,0.7622,0.84132
wheat,132,0.80194,0.7859,0.81936,0.76351,0.84494
wheat,132,0.80172,0.78536,0.81759,0.76351,0.84047
wheat,133,0.80146,0.78602,0.81902,0.76304,0.84222
wheat,134,0.8012,0.78467,0.81836,0.76083,0.84204
wheat,135,0.80095,0.78489,0.81652,0.76098,0.84012
wheat,135,0.80073,0.78415,0.8171,0.76029,0.84028
wheat,136,0.80056,0.78368,0.81675,0.76088,0.84115
wheat,137,0.80045,0.78441,0.81854,0.75919,0.84049
wheat,137,0.80041,0.78386,0.81721,0.76109,0.84071
wheat,138,0.80045,0.78401,0.81518,0.76057,0.83993
wheat,139,0.80057,0.78432,0.81631,0.75924,0.83982
wheat,140,0.80077,0.78515,0.81652,0.76066,0.84176
wheat,140,0.80104,0.78486,0.81677,0.76067,0.83875
wheat,141,0.80136,0.78487,0.81697,0.76159,0.83974
wheat,142,0.80173,0.78469,0.81693,0.76232,0.84009
wheat,143,0.80213,0.78673,0.81923,0.76317,0.84278
wheat,143,0.80253,0.78611,0.81899,0.76082,0.84307
wheat,144,0.80291,0.78718,0.81844,0.76348,0.84309
wheat,145,0.80325,0.78767,0.82008,0.76279,0.84337
wheat,145,0.80352,0.78583,0.81984,0.7635,0.84258
wheat,146,0.80371,0.7878,0.82008,0.7639,0.84299
wheat,147,0.80377,0.7881,0.82043,0.76291,0.84425
wheat,148,0.8037,0.78707,0.82034,0.76174,0.84385
wheat,148,0.80348,0.78791,0.82091,0.76389,0.84427
wheat,149,0.80309,0.78616,0.82002,0.7623,0.84332
wheat,150,0.80253,0.78534,0.81813,0.76087,0.84157
wheat,150,0.80177,0.78547,0.81838,0.7602,0.84216
wheat,151,0.80083,0.78284,0.81749,0.76028,0.84135
wheat,152,0.7997,0.78266,0.81608,0.75999,0.8394
wheat,153,0.79839,0.78229,0.81473,0.75937,0.83777
wheat,153,0.79691,0.781,0.81331,0.75565,0.8386
wheat,154,0.79529,0.77826,0.81035,0.75366,0.83369
wheat,155,0.79353,0.77797,0.81221,0.75483,0.83604
wheat,156,0.79166,0.77519,0.80782,0.75258,0.83275
wheat,156,0.7897,0.77334,0.80611,0.74996,0.82995
wheat,157,0.78768,0.77177,0.80398,0.7465,0.82718
wheat,158,0.78563,0.76865,0.80239,0.74506,0.8236
wheat,158,0.78357,0.76758,0.80026,0.74344,0.82333
wheat,159,0.78154,0.76501,0.79766,0.74012,0.82
wheat,160,0.77954,0.76237,0.79545,0.73794,0.81986
wheat,161,0.77761,0.76152,0.79466,0.73922,0.81795
wheat,161,0.77577,0.75955,0.79182,0.73816,0.81375
wheat,162,0.77403,0.75771,0.79026,0.73386,0.81347
wheat,163,0.7724,0.75568,0.78794,0.73228,0.81311
wheat,163,0.7709,0.75408,0.78711,0.73122,0.80952
wheat,164,0.76953,0.75417,0.78603,0.72999,0.80823
wheat,165,0.76829,0.75155,0.78414,0.72831,0.80672
wheat,166,0.76718,0.75093,0.78372,0.72747,0.80654
wheat,166,0.7662,0.74886,0.7822,0.72563,0.8079
wheat,167,0.76533,0.7491,0.78168,0.72474,0.80534
wheat,168,0.76457,0.74701,0.78111,0.72413,0.80478
wheat,169,0.76391,0.7473,0.78103,0.7242,0.80383
wheat,169,0.76334,0.7475,0.78001,0.72449,0.8025
wheat,170,0.76283,0.74698,0.77973,0.72091,0.80216
wheat,171,0.76239,0.74555,0.77972,0.72281,0.80356
wheat,171,0.76198,0.74679,0.77926,0.7207,0.80234
wheat,172,0.76162,0.74562,0.77829,0.72119,0.80236
wheat,173,0.76128,0.74609,0.77769,0.72192,0.8023
wheat,174,0.76095,0.74469,0.77733,0.72136,0.80041
wheat,174,0.76064,0.744,0.77526,0.72056,0.80214
wheat,175,0.76034,0.74418,0.77645,0.71962,0.80201
wheat,176,0.76004,0.74292,0.77589,0.71963,0.79963
wheat,176,0.75975,0.74376,0.77722,0.72151,0.79986
wheat,177,0.75947,0.74233,0.77503,0.71823,0.79841
wheat,178,0.75921,0.74344,0.7764,0.71951,0.79999
wheat,179,0.75898,0.74347,0.77542,0.72016,0.80101
wheat,179,0.75877,0.74271,0.77581,0.71921,0.79997
wheat,180,0.7586,0.74156,0.77458,0.71794,0.79708
wheat,181,0.75848,0.74331,0.77447,0.71989,0.79957
wheat,182,0.75841,0.74347,0.77577,0.71947,0.79854
wheat,182,0.75841,0.74302,0.77524,0.71978,0.7982
wheat,183,0.75846,0.74215,0.77571,0.71735,0.79953
wheat,184,0.75859,0.74246,0.77522,0.7202,0.79812
wheat,184,0.75878,0.74314,0.7765,0.71982,0.80034
wheat,185,0.75905,0.74256,0.77416,0.71883,0.79783
wheat,186,0.75938,0.74297,0.77502,0.72035,0.79802
wheat,187,0.75978,0.74413,0.77612,0.72054,0.80061
wheat,187,0.76024,0.74292,0.77639,0.7204,0.79992
wheat,188,0.76075,0.74482,0.77683,0.72186,0.80073
wheat,189,0.76129,0.74462,0.77691,0.72003,0.80024
wheat,189,0.76187,0.74648,0.77725,0.72349,0.80186
wheat,190,0.76246,0.74491,0.77868,0.72216,0.80348
wheat,191,0.76306,0.7475,0.78082,0.7252,0.8044
wheat,192,0.76366,0.74745,0.77952,0.72436,0.8028
wheat,192,0.76423,0.7474,0.78051,0.72433,0.80392
wheat,193,0.76478,0.7484,0.78229,0.72471,0.80379
wheat,194,0.7653,0.74911,0.78143,0.72579,0.80395
wheat,195,0.76577,0.7496,0.78335,0.72566,0.8067
wheat,195,0.7662,0.74963,0.78161,0.7265,0.80426
wheat,196,0.76657,0.75014,0.78356,0.72522,0.80718
wheat,197,0.76689,0.7502,0.78379,0.72739,0.80559
wheat,197,0.76716,0.75106,0.78388,0.72798,0.80705
wheat,198,0.76739,0.75268,0.78467,0.72894,0.80659
wheat,199,0.76757,0.75112,0.78393,0.72953,0.80658
wheat,200,0.76772,0.7517,0.78465,0.72801,0.80872
wheat,200,0.76784,0.7522,0.78366,0.72961,0.80764
wheat,201,0.76794,0.7519,0.78456,0.7301,0.80788
wheat,202,0.76804,0.75256,0.78582,0.72942,0.80853
wheat,202,0.76814,0.75265,0.78437,0.72818,0.80899
wheat,203,0.76825,0.75134,0.78439,0.72779,0.80788
wheat,204,0.76839,0.75093,0.78399,0.72653,0.80875
wheat,205,0.76855,0.75294,0.78506,0.72785,0.80933
wheat,205,0.76875,0.75202,0.7851,0.72821,0.80838
wheat,206,0.76899,0.75272,0.78531,0.72905,0.8087
wheat,207,0.76928,0.75287,0.78563,0.72993,0.80914
wheat,208,0.76962,0.75266,0.78523,0.72955,0.81002
wheat,208,0.77,0.7543,0.78587,0.73005,0.81032
wheat,209,0.77043,0.75449,0.78675,0.72982,0.80845
wheat,210,0.77089,0.75499,0.78694,0.73292,0.81217
wheat,210,0.77139,0.75469,0.78792,0.73264,0.81212
wheat,211,0.77192,0.75412,0.78832,0.73345,0.81167
wheat,212,0.77246,0.75731,0.78974,0.7334,0.81257
wheat,213,0.77302,0.7555,0.79004,0.7351,0.81321
wheat,213,0.77357,0.75719,0.79022,0.73342,0.8135
wheat,214,0.77412,0.75862,0.79117,0.73396,0.81659
wheat,215,0.77465,0.75838,0.78996,0.73355,0.81373
wheat,215,0.77515,0.75804,0.79125,0.73469,0.81601
wheat,216,0.77563,0.7582,0.79221,0.73475,0.81539
wheat,217,0.77606,0.76007,0.79216,0.73729,0.8163
wheat,218,0.77645,0.76018,0.79174,0.73654,0.81521
wheat,218,0.7768,0.75982,0.79375,0.73688,0.81642
wheat,219,0.7771,0.76109,0.79277,0.73805,0.81611
wheat,220,0.77735,0.76077,0.79375,0.73744,0.81783
wheat,221,0.77756,0.7604,0.79378,0.73755,0.81888
wheat,221,0.77772,0.76073,0.79354,0.7371,0.81598
wheat,222,0.77784,0.76052,0.79418,0.73858,0.81645
wheat,223,0.77793,0.76111,0.79403,0.73855,0.81835
wheat,223,0.77797,0.76263,0.79513,0.74006,0.8189
wheat,224,0.77799,0.76267,0.79447,0.73878,0.81785
wheat,225,0.77798,0.76103,0.79482,0.73664,0.81909
wheat,226,0.77794,0.76162,0.79564,0.73808,0.81799
wheat,226,0.77788,0.76206,0.79582,0.73871,0.81905
wheat,227,0.77779,0.76124,0.79398,0.73834,0.81855
wheat,228,0.77767,0.76092,0.79292,0.73859,0.81673
wheat,228,0.77753,0.76151,0.7944,0.73707,0.81797
wheat,229,0.77735,0.76141,0.79468,0.73833,0.81732
wheat,230,0.77713,0.76117,0.79445,0.73674,0.82042
wheat,231,0.77687,0.7597,0.79381,0.73772,0.81852
wheat,231,0.77655,0.75819,0.79359,0.73537,0.81645
wheat,232,0.77617,0.75989,0.79285,0.73778,0.81625
wheat,233,0.77572,0.75906,0.79331,0.73786,0.81556
wheat,234,0.77519,0.75926,0.79169,0.73519,0.814
wheat,234,0.77458,0.75842,0.7912,0.73447,0.8159
wheat,235,0.77387,0.75832,0.79028,0.73403,0.81374
wheat,236,0.77307,0.75629,0.7887,0.73152,0.81208
wheat,236,0.77217,0.75603,0.78834,0.73033,0.81085
wheat,237,0.77116,0.75377,0.78662,0.73197,0.8123
wheat,238,0.77005,0.75379,0.787,0.73074,0.8127
wheat,239,0.76885,0.75183,0.78643,0.72834,0.80924
wheat,239,0.76756,0.75098,0.7847,0.7281,0.8088
wheat,240,0.76618,0.75024,0.78326,0.726,0.80717
wheat,241,0.76473,0.74875,0.78027,0.72466,0.80579
wheat,241,0.76322,0.74669,0.77926,0.7232,0.80397
wheat,242,0.76167,0.74463,0.77693,0.72044,0.80109
wheat,243,0.76009,0.74435,0.77581,0.72027,0.79668
wheat,244,0.7585,0.74226,0.77457,0.71897,0.79728
wheat,244,0.75692,0.74047,0.77442,0.71613,0.79645
wheat,245,0.75537,0.73768,0.77119,0.71539,0.79663
wheat,246,0.75385,0.73719,0.76971,0.71211,0.79342
wheat,247,0.7524,0.73656,0.7687,0.71498,0.79194
wheat,247,0.75102,0.73412,0.76749,0.71164,0.78927
wheat,248,0.74973,0.73343,0.76597,0.71009,0.78992
wheat,249,0.74853,0.73072,0.76466,0.70842,0.78934
wheat,249,0.74743,0.72994,0.7633,0.70585,0.7874
wheat,250,0.74643,0.73095,0.76284,0.70726,0.78806
wheat,251,0.74554,0.72873,0.76168,0.70575,0.78619
wheat,252,0.74475,0.72801,0.76056,0.70571,0.78465
wheat,252,0.74405,0.72821,0.76099,0.70349,0.78481
wheat,253,0.74343,0.72626,0.76036,0.70359,0.78392
wheat,254,0.74289,0.72694,0.75886,0.70242,0.78273
wheat,254,0.74239,0.72568,0.75845,0.70191,0.78265
wheat,255,0.74193,0.72576,0.75784,0.70362,0.78315
wheat,256,0.7415,0.72437,0.75761,0.6998,0.78104
wheat,257,0.74106,0.72345,0.75639,0.69954,0.7806
wheat,257,0.7406,0.72462,0.75685,0.70013,0.78228
wheat,258,0.7401,0.72376,0.75752,0.69982,0.78046
wheat,259,0.73955,0.72339,0.7555,0.70098,0.77879
wheat,260,0.73893,0.72294,0.75449,0.69974,0.77756
wheat,260,0.73823,0.72076,0.75321,0.69677,0.77895
wheat,261,0.73744,0.72122,0.75408,0.69925,0.77822
wheat,262,0.73655,0.72103,0.75342,0.6977,0.77495
wheat,262,0.73556,0.7184,0.75264,0.69567,0.77564
wheat,263,0.73447,0.71759,0.75104,0.69433,0.77475
wheat,264,0.73329,0.71754,0.75019,0.69451,0.77361
wheat,265,0.73202,0.71615,0.74855,0.69288,0.77168
wheat,265,0.73067,0.71435,0.74672,0.6896,0.7716
wheat,266,0.72926,0.71315,0.74448,0.68936,0.76842
wheat,267,0.72781,0.71143,0.74331,0.68606,0.76843
wheat,267,0.72632,0.7099,0.7414,0.68583,0.76651
wheat,268,0.72482,0.70871,0.74083,0.68478,0.7639
wheat,269,0.72334,0.70581,0.73913,0.68215,0.76347
wheat,270,0.72188,0.70533,0.73833,0.68172,0.76199
wheat,270,0.72047,0.704,0.7379,0.67894,0.76069
wheat,271,0.71912,0.70209,0.73584,0.67728,0.75967
wheat,272,0.71785,0.70111,0.7344,0.67721,0.7563
wheat,273,0.71667,0.70123,0.73376,0.67832,0.75658
wheat,273,0.71559,0.69768,0.73166,0.67609,0.75453
wheat,274,0.71462,0.69731,0.73102,0.67436,0.75482
wheat,275,0.71376,0.69859,0.73166,0.67441,0.75624
wheat,275,0.71301,0.69563,0.73031,0.67308,0.75188
wheat,276,0.71237,0.6959,0.72994,0.67189,0.75397
wheat,277,0.71183,0.69648,0.72905,0.67394,0.75146
wheat,278,0.71139,0.69466,0.72734,0.6706,0.75009
wheat,278,0.71102,0.69505,0.72865,0.66974,0.75326
wheat,279,0.71072,0.69439,0.72723,0.66884,0.75188
wheat,280,0.71048,0.69269,0.72676,0.66854,0.7511
wheat,280,0.71027,0.69425,0.72689,0.67218,0.75072
wheat,281,0.71008,0.69386,0.72619,0.67087,0.74774
wheat,282,0.7099,0.69382,0.72497,0.67075,0.7479
wheat,283,0.7097,0.69371,0.72579,0.66796,0.7489
wheat,283,0.70948,0.69244,0.72547,0.66811,0.74979
wheat,284,0.70923,0.69188,0.72474,0.66888,0.74771
wheat,285,0.70892,0.69279,0.72583,0.66984,0.74727
wheat,286,0.70857,0.69248,0.72545,0.67082,0.74739
wheat,286,0.70815,0.6932,0.72541,0.66906,0.74822
wheat,287,0.70768,0.69134,0.7248,0.66705,0.7506
wheat,288,0.70715,0.69014,0.72308,0.66656,0.74665
wheat,288,0.70656,0.68919,0.72283,0.66667,0.74794
wheat,289,0.70593,0.68924,0.72205,0.66433,0.74476
wheat,290,0.70525,0.68971,0.7215,0.66673,0.7443
wheat,291,0.70455,0.68808,0.72098,0.66265,0.74332
wheat,291,0.70382,0.68789,0.72008,0.66332,0.74336
wheat,292,0.7031,0.68654,0.71994,0.66404,0.74351
wheat,293,0.70237,0.68759,0.71912,0.66414,0.74086
wheat,293,0.70167,0.68509,0.71875,0.66027,0.74003
wheat,294,0.701,0.68335,0.71677,0.65828,0.74148
wheat,295,0.70038,0.68246,0.7168,0.65953,0.739
wheat,296,0.69981,0.68427,0.71635,0.66222,0.74016
wheat,296,0.6993,0.68241,0.71554,0.65998,0.73939
wheat,297,0.69886,0.68182,0.71634,0.65902,0.74024
wheat,298,0.69849,0.68214,0.71441,0.65833,0.73785
wheat,299,0.6982,0.68262,0.71527,0.65856,0.73958
wheat,299,0.69798,0.68203,0.71481,0.65805,0.73809
wheat,300,0.69783,0.68178,0.7136,0.65598,0.73757
wheat,301,0.69774,0.68216,0.71413,0.65854,0.73658
wheat,301,0.69771,0.68206,0.71543,0.65854,0.73954
wheat,302,0.69773,0.68287,0.71478,0.65746,0.73959
wheat,303,0.6978,0.68146,0.71472,0.65892,0.73695
wheat,304,0.69789,0.6809,0.71533,0.6579,0.73906
wheat,304,0.698,0.68107,0.7138,0.65687,0.73715
wheat,305,0.69813,0.68218,0.71474,0.65764,0.73942
wheat,306,0.69826,0.68178,0.71534,0.65629,0.73922
wheat,306,0.69838,0.68075,0.71377,0.65785,0.73636
wheat,307,0.69849,0.68144,0.71377,0.65866,0.73904
wheat,308,0.69858,0.68344,0.71529,0.66044,0.73818
wheat,309,0.69865,0.68142,0.7141,0.65891,0.73751
wheat,309,0.6987,0.68139,0.71502,0.65816,0.73813
wheat,310,0.69873,0.68316,0.71497,0.66098,0.73842
wheat,311,0.69875,0.68239,0.71497,0.66025,0.74029
wheat,312,0.69876,0.68164,0.71441,0.65753,0.73909
wheat,312,0.69876,0.68357,0.71603,0.65929,0.73931
wheat,313,0.69878,0.68138,0.71555,0.65868,0.74056
